date,product_code,brand,category,sku,size,amazon_own,amazon_fba,boss_own,boss_rfc,free_stock,ec_stock
2026-09-16,fisi-05,SHIORI,老眼鏡,fisi-05-1-10,10,0,17,13,0,0,0
2026-09-16,fisi-05,SHIORI,老眼鏡,fisi-05-1-15,15,0,17,13,0,0,99
2026-09-16,fisi-05,SHIORI,老眼鏡,fisi-05-1-20,20,0,3,15,0,0,90
2026-09-16,fisi-05,SHIORI,老眼鏡,fisi-05-1-25,25,0,22,12,0,11,32
2026-09-16,fisi-05,SHIORI,老眼鏡,fisi-05-1-30,30,0,10,14,0,0,0
2026-09-16,fisi-05,SHIORI,老眼鏡,fisi-05-2-10,10,0,9,15,0,0,20
2026-09-16,fisi-05,SHIORI,老眼鏡,fisi-05-2-15,15,0,13,14,0,0,54
2026-09-16,fisi-05,SHIORI,老眼鏡,fisi-05-2-20,20,0,14,14,0,0,126
2026-09-16,fisi-05,SHIORI,老眼鏡,fisi-05-2-25,25,0,6,16,0,0,22
2026-09-16,fisi-05,SHIORI,老眼鏡,fisi-05-2-30,30,0,0,4,0,0,0
2026-09-16,fisi-05,SHIORI,老眼鏡,fisi-05-3-10,10,0,5,14,0,0,0
2026-09-16,fisi-05,SHIORI,老眼鏡,fisi-05-3-15,15,0,0,10,0,0,0
2026-09-16,fisi-05,SHIORI,老眼鏡,fisi-05-3-20,20,0,0,12,0,0,0
2026-09-16,fisi-05,SHIORI,老眼鏡,fisi-05-3-25,25,0,1,13,0,0,0
2026-09-16,fisi-05,SHIORI,老眼鏡,fisi-05-3-30,30,0,2,4,0,0,0
2026-09-16,fisi-05,SHIORI,老眼鏡,fisi-05-4-10,10,0,19,14,0,0,91
2026-09-16,fisi-05,SHIORI,老眼鏡,fisi-05-4-15,15,0,15,14,0,0,99
2026-09-16,fisi-05,SHIORI,老眼鏡,fisi-05-4-20,20,0,19,14,0,0,33
2026-09-16,fisi-05,SHIORI,老眼鏡,fisi-05-4-25,25,0,20,12,0,0,0
2026-09-16,fisi-05,SHIORI,老眼鏡,fisi-05-4-30,30,0,18,13,0,0,0
2026-09-16,fl-3000,FEELLIFE,調光老眼鏡,fl-3000-1-05,5,0,20,13,0,0,9
2026-09-16,fl-3000,FEELLIFE,調光老眼鏡,fl-3000-1-10,10,0,19,11,0,0,0
2026-09-16,fl-3000,FEELLIFE,調光老眼鏡,fl-3000-1-15,15,0,19,14,0,0,12
2026-09-16,fl-3000,FEELLIFE,調光老眼鏡,fl-3000-1-20,20,0,20,15,0,0,0
2026-09-16,fl-3000,FEELLIFE,調光老眼鏡,fl-3000-1-25,25,0,7,11,0,0,0
2026-09-16,fl-3000,FEELLIFE,調光老眼鏡,fl-3000-2-05,5,0,4,0,0,0,0
2026-09-16,fl-3000,FEELLIFE,調光老眼鏡,fl-3000-2-10,10,0,20,10,0,0,0
2026-09-16,fl-3000,FEELLIFE,調光老眼鏡,fl-3000-2-15,15,0,19,13,0,0,21
2026-09-16,fl-3000,FEELLIFE,調光老眼鏡,fl-3000-2-20,20,0,19,14,0,0,7
2026-09-16,fl-3000,FEELLIFE,調光老眼鏡,fl-3000-2-25,25,0,6,3,0,0,0
2026-09-16,fl-3000,FEELLIFE,調光老眼鏡,fl-3000-3-05,5,0,19,16,0,0,5
2026-09-16,fl-3000,FEELLIFE,調光老眼鏡,fl-3000-3-10,10,0,15,0,0,0,0
2026-09-16,fl-3000,FEELLIFE,調光老眼鏡,fl-3000-3-15,15,0,15,0,0,0,0
2026-09-16,fl-3000,FEELLIFE,調光老眼鏡,fl-3000-3-20,20,0,6,0,0,0,0
2026-09-16,fl-3000,FEELLIFE,調光老眼鏡,fl-3000-3-25,25,0,5,2,0,0,0
2026-09-16,flc-002,FEELLIFE,老眼鏡,flc-002-1-10,10,0,13,0,0,0,0
2026-09-16,flc-002,FEELLIFE,老眼鏡,flc-002-1-15,15,0,15,0,10,0,20
2026-09-16,flc-002,FEELLIFE,老眼鏡,flc-002-1-20,20,0,15,0,10,0,39
2026-09-16,flc-002,FEELLIFE,老眼鏡,flc-002-1-25,25,0,20,0,16,0,11
2026-09-16,flc-002,FEELLIFE,老眼鏡,flc-002-1-30,30,0,18,0,7,0,8
2026-09-16,flc-002,FEELLIFE,老眼鏡,flc-002-2-10,10,0,21,0,0,0,63
2026-09-16,flc-002,FEELLIFE,老眼鏡,flc-002-2-15,15,0,18,0,4,0,139
2026-09-16,flc-002,FEELLIFE,老眼鏡,flc-002-2-20,20,0,21,0,11,0,201
2026-09-16,flc-002,FEELLIFE,老眼鏡,flc-002-2-25,25,0,14,0,15,0,28
2026-09-16,flc-002,FEELLIFE,老眼鏡,flc-002-2-30,30,0,19,0,8,0,42
2026-09-16,flh-001ph,FEELLIFE,調光老眼鏡,flh-001ph-1-10,10,0,12,0,23,0,33
2026-09-16,flh-001ph,FEELLIFE,調光老眼鏡,flh-001ph-1-15,15,0,0,0,1,0,35
2026-09-16,flh-001ph,FEELLIFE,調光老眼鏡,flh-001ph-1-20,20,0,6,0,14,0,46
2026-09-16,flh-001ph,FEELLIFE,調光老眼鏡,flh-001ph-2-10,10,0,1,0,26,0,40
2026-09-16,flh-001ph,FEELLIFE,調光老眼鏡,flh-001ph-2-15,15,0,11,0,0,0,30
2026-09-16,flh-001ph,FEELLIFE,調光老眼鏡,flh-001ph-2-20,20,0,5,0,0,0,30
2026-09-16,flk-001,FEELLIFE,老眼鏡,flk-001-1-10,10,0,7,1,0,0,0
2026-09-16,flk-001,FEELLIFE,老眼鏡,flk-001-2-10,10,0,7,0,0,0,0
2026-09-16,flk-001,FEELLIFE,老眼鏡,flk-001-3-10,10,0,12,15,0,0,0
2026-09-16,flk-001,FEELLIFE,老眼鏡,flk-001-1-15,15,0,0,0,0,0,0
2026-09-16,flk-001,FEELLIFE,老眼鏡,flk-001-2-15,15,0,0,0,0,0,0
2026-09-16,flk-001,FEELLIFE,老眼鏡,flk-001-3-15,15,0,8,0,0,0,0
2026-09-16,flk-001,FEELLIFE,老眼鏡,flk-001-1-20,20,0,1,0,0,0,0
2026-09-16,flk-001,FEELLIFE,老眼鏡,flk-001-2-20,20,0,0,0,0,0,0
2026-09-16,flk-001,FEELLIFE,老眼鏡,flk-001-3-20,20,0,10,0,0,0,0
2026-09-16,flk-001,FEELLIFE,老眼鏡,flk-001-1-25,25,0,5,0,0,0,0
2026-09-16,flk-001,FEELLIFE,老眼鏡,flk-001-2-25,25,0,5,0,0,0,0
2026-09-16,flk-001,FEELLIFE,老眼鏡,flk-001-3-25,25,0,9,0,0,0,0
2026-09-16,fll-006,FEELLIFE,老眼鏡,fll-006-1-10,10,0,10,0,4,0,0
2026-09-16,fll-006,FEELLIFE,老眼鏡,fll-006-1-15,15,0,14,0,0,0,22
2026-09-16,fll-006,FEELLIFE,老眼鏡,fll-006-1-20,20,0,11,0,2,0,17
2026-09-16,fll-006,FEELLIFE,老眼鏡,fll-006-1-25,25,0,15,0,5,0,97
2026-09-16,fll-006,FEELLIFE,老眼鏡,fll-006-1-30,30,0,15,0,0,0,38
2026-09-16,fll-006,FEELLIFE,老眼鏡,fll-006-2-10,10,0,13,0,4,0,30
2026-09-16,fll-006,FEELLIFE,老眼鏡,fll-006-2-15,15,0,12,0,3,0,36
2026-09-16,fll-006,FEELLIFE,老眼鏡,fll-006-2-20,20,0,12,0,4,0,13
2026-09-16,fll-006,FEELLIFE,老眼鏡,fll-006-2-25,25,0,15,0,8,0,20
2026-09-16,fll-006,FEELLIFE,老眼鏡,fll-006-2-30,30,0,13,0,7,0,18
2026-09-16,fll-3000,FEELLIFE,老眼鏡,fll-3000-1-05,5,0,16,0,9,0,16
2026-09-16,fll-3000,FEELLIFE,老眼鏡,fll-3000-1-10,10,0,15,0,9,0,0
2026-09-16,fll-3000,FEELLIFE,老眼鏡,fll-3000-1-15,15,0,18,0,7,0,9
2026-09-16,fll-3000,FEELLIFE,老眼鏡,fll-3000-1-20,20,0,19,0,0,0,0
2026-09-16,fll-3000,FEELLIFE,老眼鏡,fll-3000-1-25,25,0,16,0,0,0,0
2026-09-16,fll-3000,FEELLIFE,老眼鏡,fll-3000-2-05,5,0,14,0,9,0,104
2026-09-16,fll-3000,FEELLIFE,老眼鏡,fll-3000-2-10,10,0,15,0,10,0,17
2026-09-16,fll-3000,FEELLIFE,老眼鏡,fll-3000-2-15,15,0,18,0,9,0,44
2026-09-16,fll-3000,FEELLIFE,老眼鏡,fll-3000-2-20,20,0,17,0,4,0,0
2026-09-16,fll-3000,FEELLIFE,老眼鏡,fll-3000-2-25,25,0,14,0,0,0,0
2026-09-16,fll-3004,FEELLIFE,老眼鏡,fll-3004-1-05,5,0,15,0,10,0,43
2026-09-16,fll-3004,FEELLIFE,老眼鏡,fll-3004-1-10,10,0,15,0,13,0,47
2026-09-16,fll-3004,FEELLIFE,老眼鏡,fll-3004-1-15,15,0,15,0,12,0,56
2026-09-16,fll-3004,FEELLIFE,老眼鏡,fll-3004-1-20,20,0,15,0,15,0,0
2026-09-16,fll-3004,FEELLIFE,老眼鏡,fll-3004-1-25,25,0,18,0,27,0,14
2026-09-16,fll-3004,FEELLIFE,老眼鏡,fll-3004-2-05,5,0,8,0,9,0,34
2026-09-16,fll-3004,FEELLIFE,老眼鏡,fll-3004-2-10,10,0,25,0,9,0,10
2026-09-16,fll-3004,FEELLIFE,老眼鏡,fll-3004-2-15,15,0,14,0,12,0,5
2026-09-16,fll-3004,FEELLIFE,老眼鏡,fll-3004-2-20,20,0,15,0,3,0,0
2026-09-16,fll-3004,FEELLIFE,老眼鏡,fll-3004-2-25,25,0,15,0,10,0,50
2026-09-16,fll-3004,FEELLIFE,老眼鏡,fll-3004-3-05,5,0,15,0,13,0,27
2026-09-16,fll-3004,FEELLIFE,老眼鏡,fll-3004-3-10,10,0,15,0,13,0,41
2026-09-16,fll-3004,FEELLIFE,老眼鏡,fll-3004-3-15,15,0,14,0,8,0,7
2026-09-16,fll-3004,FEELLIFE,老眼鏡,fll-3004-3-20,20,0,14,0,8,0,7
2026-09-16,fll-3004,FEELLIFE,老眼鏡,fll-3004-3-25,25,0,15,0,10,0,30
2026-09-16,fll-4000,FEELLIFE,老眼鏡,fll-4000-1-05,5,0,0,12,0,0,5
2026-09-16,fll-4000,FEELLIFE,老眼鏡,fll-4000-2-05,5,11,0,15,0,0,30
2026-09-16,fll-4000,FEELLIFE,老眼鏡,fll-4000-3-05,5,7,0,14,0,0,16
2026-09-16,fll-4000,FEELLIFE,老眼鏡,fll-4000-1-10,10,5,0,10,0,0,0
2026-09-16,fll-4000,FEELLIFE,老眼鏡,fll-4000-2-10,10,6,0,14,0,0,0
2026-09-16,fll-4000,FEELLIFE,老眼鏡,fll-4000-3-10,10,6,0,7,0,0,0
2026-09-16,fll-4000,FEELLIFE,老眼鏡,fll-4000-1-15,15,6,0,15,0,0,5
2026-09-16,fll-4000,FEELLIFE,老眼鏡,fll-4000-2-15,15,3,0,15,0,0,5
2026-09-16,fll-4000,FEELLIFE,老眼鏡,fll-4000-3-15,15,4,0,11,0,0,0
2026-09-16,fll-4000,FEELLIFE,老眼鏡,fll-4000-1-20,20,5,0,10,0,0,0
2026-09-16,fll-4000,FEELLIFE,老眼鏡,fll-4000-2-20,20,3,0,10,0,0,0
2026-09-16,fll-4000,FEELLIFE,老眼鏡,fll-4000-3-20,20,5,0,3,0,0,0
2026-09-16,fll-4000,FEELLIFE,老眼鏡,fll-4000-1-25,25,1,0,15,0,0,0
2026-09-16,fll-4000,FEELLIFE,老眼鏡,fll-4000-2-25,25,4,0,11,0,0,0
2026-09-16,fll-4000,FEELLIFE,老眼鏡,fll-4000-3-25,25,3,0,15,0,0,2
2026-09-16,flm-001,FEELLIFE,老眼鏡,flm-001-1-10,10,0,13,0,8,0,21
2026-09-16,flm-001,FEELLIFE,老眼鏡,flm-001-1-15,15,0,11,0,6,0,146
2026-09-16,flm-001,FEELLIFE,老眼鏡,flm-001-1-20,20,0,12,0,5,0,52
2026-09-16,flm-001,FEELLIFE,老眼鏡,flm-001-1-25,25,0,15,0,7,0,44
2026-09-16,flm-001,FEELLIFE,老眼鏡,flm-001-1-30,30,0,11,0,1,0,0
2026-09-16,flm-001,FEELLIFE,老眼鏡,flm-001-2-10,10,0,10,0,10,0,11
2026-09-16,flm-001,FEELLIFE,老眼鏡,flm-001-2-15,15,0,12,0,7,0,104
2026-09-16,flm-001,FEELLIFE,老眼鏡,flm-001-2-20,20,0,14,0,6,0,74
2026-09-16,flm-001,FEELLIFE,老眼鏡,flm-001-2-25,25,0,15,0,11,0,6
2026-09-16,flm-001,FEELLIFE,老眼鏡,flm-001-2-30,30,0,17,0,7,0,10
2026-09-16,flm-002,FEELLIFE,老眼鏡,flm-002-1-10,10,0,20,0,10,0,75
2026-09-16,flm-002,FEELLIFE,老眼鏡,flm-002-1-15,15,0,13,0,12,0,82
2026-09-16,flm-002,FEELLIFE,老眼鏡,flm-002-1-20,20,0,14,0,13,0,35
2026-09-16,flm-002,FEELLIFE,老眼鏡,flm-002-1-25,25,0,21,0,8,0,21
2026-09-16,flm-002,FEELLIFE,老眼鏡,flm-002-1-30,30,0,10,0,4,0,0
2026-09-16,flm-002,FEELLIFE,老眼鏡,flm-002-2-10,10,0,25,0,10,0,60
2026-09-16,flm-002,FEELLIFE,老眼鏡,flm-002-2-15,15,0,27,0,12,0,40
2026-09-16,flm-002,FEELLIFE,老眼鏡,flm-002-2-20,20,0,18,0,10,0,82
2026-09-16,flm-002,FEELLIFE,老眼鏡,flm-002-2-25,25,0,18,0,2,0,7
2026-09-16,flm-002,FEELLIFE,老眼鏡,flm-002-2-30,30,0,15,0,6,0,0
2026-09-16,flm-006,FEELLIFE,老眼鏡,flm-006-1-10,10,0,20,0,6,0,45
2026-09-16,flm-006,FEELLIFE,老眼鏡,flm-006-1-15,15,0,13,0,4,0,37
2026-09-16,flm-006,FEELLIFE,老眼鏡,flm-006-1-20,20,0,16,0,10,0,56
2026-09-16,flm-006,FEELLIFE,老眼鏡,flm-006-1-25,25,0,17,0,3,0,0
2026-09-16,flm-006,FEELLIFE,老眼鏡,flm-006-1-30,30,0,9,0,5,0,0
2026-09-16,flm-006,FEELLIFE,老眼鏡,flm-006-2-10,10,0,20,0,5,0,5
2026-09-16,flm-006,FEELLIFE,老眼鏡,flm-006-2-15,15,0,16,0,9,0,60
2026-09-16,flm-006,FEELLIFE,老眼鏡,flm-006-2-20,20,0,14,0,1,0,43
2026-09-16,flm-006,FEELLIFE,老眼鏡,flm-006-2-25,25,0,20,0,2,0,0
2026-09-16,flm-006,FEELLIFE,老眼鏡,flm-006-2-30,30,0,11,0,0,0,0
2026-09-16,flw-001,FEELLIFE,調光サングラス,flw-001-002-1,,0,17,18,0,0,0
2026-09-16,flw-001,FEELLIFE,調光サングラス,flw-001-002-2,,0,14,20,0,0,0
2026-09-16,flw-001,FEELLIFE,調光サングラス,flw-001-002-3,,0,18,20,0,0,0
2026-09-16,flw-001,FEELLIFE,調光サングラス,flw-001-002-4,,0,16,20,0,0,0
2026-09-16,flw-002,FEELLIFE,調光サングラス,flw-001-002-1a,,0,0,0,0,0,0
2026-09-16,flw-002,FEELLIFE,調光サングラス,flw-001-002-2a,,0,1,0,0,0,0
2026-09-16,flw-002,FEELLIFE,調光サングラス,flw-001-002-3a,,0,1,0,0,0,0
2026-09-16,flw-002,FEELLIFE,調光サングラス,flw-001-002-4a,,0,20,18,0,0,0
2026-09-16,ph5099,GGeyewear,調光サングラス,ph5099-1,,0,16,13,0,0,0
2026-09-16,ph5099,GGeyewear,調光サングラス,ph5099-2,,0,18,17,0,0,0
2026-09-16,ph5099,GGeyewear,調光サングラス,ph5099-12,,0,16,15,0,0,0
2026-09-16,si-01sap,SHIORI,老眼鏡,si-01sa-1-15,15,0,8,15,0,0,0
2026-09-16,si-01sap,SHIORI,老眼鏡,si-01sa-1-20,20,0,10,15,0,0,0
2026-09-16,si-01sap,SHIORI,老眼鏡,si-01sa-1-25,25,0,0,7,0,0,0
2026-09-16,si-01sap,SHIORI,老眼鏡,si-01sa-1-30,30,0,9,8,0,0,0
2026-09-16,si-01sap,SHIORI,老眼鏡,si-01sa-2-15,15,0,11,11,0,0,0
2026-09-16,si-01sap,SHIORI,老眼鏡,si-01sa-2-20,20,0,12,14,0,0,0
2026-09-16,si-01sap,SHIORI,老眼鏡,si-01sa-2-25,25,0,0,0,0,0,0
2026-09-16,si-01sap,SHIORI,老眼鏡,si-01sa-2-30,30,0,0,1,0,0,0
2026-09-16,si-01sap,SHIORI,老眼鏡,si-01sa-3-15,15,0,12,10,0,0,0
2026-09-16,si-01sap,SHIORI,老眼鏡,si-01sa-3-20,20,0,13,9,0,0,0
2026-09-16,si-01sap,SHIORI,老眼鏡,si-01sa-3-25,25,0,8,0,0,0,0
2026-09-16,si-01sap,SHIORI,老眼鏡,si-01sa-3-30,30,0,14,2,0,0,0
2026-09-16,si-07,SHIORI,老眼鏡,si-07-1-15,15,0,15,9,0,0,0
2026-09-16,si-07,SHIORI,老眼鏡,si-07-2-15,15,0,14,10,0,0,0
2026-09-16,si-07,SHIORI,老眼鏡,si-07-1-20,20,0,12,7,0,0,0
2026-09-16,si-07,SHIORI,老眼鏡,si-07-2-20,20,0,13,9,0,0,0
2026-09-16,si-07,SHIORI,老眼鏡,si-07-1-25,25,0,16,9,0,0,0
2026-09-16,si-07,SHIORI,老眼鏡,si-07-2-25,25,0,36,10,0,0,0
2026-09-16,si-07,SHIORI,老眼鏡,si-07-1-30,30,0,16,9,0,0,0
2026-09-16,si-07,SHIORI,老眼鏡,si-07-2-30,30,0,13,10,0,0,0
2026-09-16,si-08r,SHIORI,老眼鏡,si-08r-1-15,15,0,17,9,0,0,5
2026-09-16,si-08r,SHIORI,老眼鏡,si-08r-2-15,15,0,9,15,0,0,43
2026-09-16,si-08r,SHIORI,老眼鏡,si-08r-3-15,15,0,29,10,0,6,3
2026-09-16,si-08r,SHIORI,老眼鏡,si-08r-1-20,20,0,10,9,0,0,4
2026-09-16,si-08r,SHIORI,老眼鏡,si-08r-2-20,20,0,10,13,0,0,34
2026-09-16,si-08r,SHIORI,老眼鏡,si-08r-3-20,20,0,18,9,0,9,30
2026-09-16,si-08r,SHIORI,老眼鏡,si-08r-1-25,25,0,10,6,0,0,0
2026-09-16,si-08r,SHIORI,老眼鏡,si-08r-2-25,25,0,11,12,0,0,26
2026-09-16,si-08r,SHIORI,老眼鏡,si-08r-3-25,25,0,12,9,0,4,7
2026-09-16,si-09,SHIORI,老眼鏡,si-09-1-15,15,0,7,9,0,0,0
2026-09-16,si-09,SHIORI,老眼鏡,si-09-2-15,15,0,8,12,0,0,9
2026-09-16,si-09,SHIORI,老眼鏡,si-09-3-15,15,0,8,11,0,0,5
2026-09-16,si-09,SHIORI,老眼鏡,si-09-1-20,20,0,0,11,0,0,0
2026-09-16,si-09,SHIORI,老眼鏡,si-09-2-20,20,0,0,3,0,0,0
2026-09-16,si-09,SHIORI,老眼鏡,si-09-3-20,20,0,7,11,0,2,26
2026-09-16,si-09,SHIORI,老眼鏡,si-09-1-25,25,0,20,10,0,2,11
2026-09-16,si-09,SHIORI,老眼鏡,si-09-2-25,25,0,18,0,0,2,0
2026-09-16,si-09,SHIORI,老眼鏡,si-09-3-25,25,0,7,9,0,1,35
2026-09-16,si-09,SHIORI,老眼鏡,si-09-1-30,30,0,19,11,0,0,13
2026-09-16,si-09,SHIORI,老眼鏡,si-09-2-30,30,0,9,13,0,0,0
2026-09-16,si-09,SHIORI,老眼鏡,si-09-3-30,30,0,2,9,0,0,0
2026-09-16,si-10,SHIORI,老眼鏡,si-10-1-15,15,0,10,9,0,3,72
2026-09-16,si-10,SHIORI,老眼鏡,si-10-1-20,20,0,11,10,0,3,13
2026-09-16,si-10,SHIORI,老眼鏡,si-10-1-25,25,0,7,14,0,2,0
2026-09-16,si-10,SHIORI,老眼鏡,si-10-1-30,30,0,10,4,0,2,0
2026-09-16,si-10,SHIORI,老眼鏡,si-10-2-15,15,0,10,14,0,0,39
2026-09-16,si-10,SHIORI,老眼鏡,si-10-2-20,20,0,4,13,0,4,4
2026-09-16,si-10,SHIORI,老眼鏡,si-10-2-25,25,0,12,9,0,6,0
2026-09-16,si-10,SHIORI,老眼鏡,si-10-2-30,30,0,11,2,0,0,0
2026-09-16,si-10,SHIORI,老眼鏡,si-10-3-15,15,0,13,9,0,2,6
2026-09-16,si-10,SHIORI,老眼鏡,si-10-3-20,20,0,12,9,0,1,8
2026-09-16,si-10,SHIORI,老眼鏡,si-10-3-25,25,0,9,9,0,10,0
2026-09-16,si-10,SHIORI,老眼鏡,si-10-3-30,30,0,15,7,0,0,0
2026-09-16,si-10,SHIORI,老眼鏡,si-10-4-15,15,0,14,9,0,1,29
2026-09-16,si-10,SHIORI,老眼鏡,si-10-4-20,20,0,8,12,0,0,0
2026-09-16,si-10,SHIORI,老眼鏡,si-10-4-25,25,0,17,11,0,2,3
2026-09-16,si-10,SHIORI,老眼鏡,si-10-4-30,30,0,8,8,0,0,0
2026-09-16,si-11,SHIORI,老眼鏡,si-11-1-10,10,0,14,9,0,0,37
2026-09-16,si-11,SHIORI,老眼鏡,si-11-2-10,10,0,14,10,0,0,1
2026-09-16,si-11,SHIORI,老眼鏡,si-11-3-10,10,0,17,9,0,0,15
2026-09-16,si-11,SHIORI,老眼鏡,si-11-1-15,15,0,11,0,0,0,0
2026-09-16,si-11,SHIORI,老眼鏡,si-11-2-15,15,0,0,0,0,0,0
2026-09-16,si-11,SHIORI,老眼鏡,si-11-3-15,15,0,2,0,0,0,0
2026-09-16,si-11,SHIORI,老眼鏡,si-11-1-20,20,0,21,11,0,0,67
2026-09-16,si-11,SHIORI,老眼鏡,si-11-2-20,20,0,18,1,0,3,0
2026-09-16,si-11,SHIORI,老眼鏡,si-11-3-20,20,0,14,9,0,0,2
2026-09-16,si-11,SHIORI,老眼鏡,si-11-1-25,25,0,14,12,0,3,36
2026-09-16,si-11,SHIORI,老眼鏡,si-11-2-25,25,0,19,9,0,2,3
2026-09-16,si-11,SHIORI,老眼鏡,si-11-3-25,25,0,13,14,0,3,17
2026-09-16,si-13,SHIORI,老眼鏡,si-13-1-15,15,0,6,10,0,10,42
2026-09-16,si-13,SHIORI,老眼鏡,si-13-1-20,20,0,5,15,0,10,29
2026-09-16,si-13,SHIORI,老眼鏡,si-13-1-25,25,0,6,15,0,29,30
2026-09-16,si-13,SHIORI,老眼鏡,si-13-1-30,30,0,14,15,0,15,21
2026-09-16,si-13,SHIORI,老眼鏡,si-13-2-15,15,0,6,13,0,6,29
2026-09-16,si-13,SHIORI,老眼鏡,si-13-2-20,20,0,5,8,0,14,39
2026-09-16,si-13,SHIORI,老眼鏡,si-13-2-25,25,0,4,14,0,17,42
2026-09-16,si-13,SHIORI,老眼鏡,si-13-2-30,30,0,9,15,0,12,0
2026-09-16,si-13,SHIORI,老眼鏡,si-13-3-15,15,0,9,14,0,14,14
2026-09-16,si-13,SHIORI,老眼鏡,si-13-3-20,20,0,4,15,0,32,13
2026-09-16,si-13,SHIORI,老眼鏡,si-13-3-25,25,0,13,15,0,27,33
2026-09-16,si-13,SHIORI,老眼鏡,si-13-3-30,30,0,8,14,0,2,28
2026-09-16,si-13ph,SHIORI,調光老眼鏡,si-13ph-1-10,10,0,11,10,0,0,0
2026-09-16,si-13ph,SHIORI,調光老眼鏡,si-13ph-1-15,15,0,15,14,0,0,44
2026-09-16,si-13ph,SHIORI,調光老眼鏡,si-13ph-1-20,20,0,15,14,0,0,13
2026-09-16,si-13ph,SHIORI,調光老眼鏡,si-13ph-2-10,10,0,13,15,0,0,3
2026-09-16,si-13ph,SHIORI,調光老眼鏡,si-13ph-2-15,15,0,15,14,0,0,29
2026-09-16,si-13ph,SHIORI,調光老眼鏡,si-13ph-2-20,20,0,9,15,0,0,0
2026-09-16,si-13ph,SHIORI,調光老眼鏡,si-13ph-3-10,10,0,3,12,0,0,0
2026-09-16,si-13ph,SHIORI,調光老眼鏡,si-13ph-3-15,15,0,14,15,0,0,27
2026-09-16,si-13ph,SHIORI,調光老眼鏡,si-13ph-3-20,20,0,13,11,0,0,0
2026-09-16,spc-006,SPC,老眼鏡,spc-006-1-10,10,0,9,0,41,0,0
2026-09-16,spc-006,SPC,老眼鏡,spc-006-2-10,10,0,0,0,11,0,0
2026-09-16,spc-006,SPC,老眼鏡,spc-006-3-10,10,0,0,0,0,0,0
2026-09-16,spc-006,SPC,老眼鏡,spc-006-1-15,15,0,15,0,14,0,0
2026-09-16,spc-006,SPC,老眼鏡,spc-006-2-15,15,0,0,0,21,0,0
2026-09-16,spc-006,SPC,老眼鏡,spc-006-3-15,15,0,0,0,1,1,0
2026-09-16,spc-006,SPC,老眼鏡,spc-006-1-20,20,0,16,0,14,0,0
2026-09-16,spc-006,SPC,老眼鏡,spc-006-2-20,20,0,0,0,12,0,0
2026-09-16,spc-006,SPC,老眼鏡,spc-006-3-20,20,0,0,0,2,1,0
2026-09-16,spc-006,SPC,老眼鏡,spc-006-1-25,25,0,18,0,9,1,5
2026-09-16,spc-006,SPC,老眼鏡,spc-006-2-25,25,0,0,0,1,0,0
2026-09-16,spc-006,SPC,老眼鏡,spc-006-3-25,25,0,0,0,6,3,0
2026-09-16,spc-007,SPC,老眼鏡,spc-007-2-10,10,0,15,0,14,0,37
2026-09-16,spc-007,SPC,老眼鏡,spc-007-2-15,15,0,12,0,15,0,57
2026-09-16,spc-007,SPC,老眼鏡,spc-007-2-20,20,0,10,0,8,0,22
2026-09-16,spc-007,SPC,老眼鏡,spc-007-2-25,25,0,0,0,0,0,0
2026-09-16,spc-007,SPC,老眼鏡,spc-007-3-10,10,0,0,0,49,5,7
2026-09-16,spc-007,SPC,老眼鏡,spc-007-3-15,15,0,0,0,70,0,15
2026-09-16,spc-007,SPC,老眼鏡,spc-007-3-20,20,0,0,0,53,0,0
2026-09-16,spc-007,SPC,老眼鏡,spc-007-3-25,25,0,0,0,45,3,6
2026-09-18,fisi-05,SHIORI,老眼鏡,fisi-05-1-10,10,0,24,13,0,0,0
2026-09-18,fisi-05,SHIORI,老眼鏡,fisi-05-1-15,15,0,25,13,0,0,99
2026-09-18,fisi-05,SHIORI,老眼鏡,fisi-05-1-20,20,0,23,15,0,0,90
2026-09-18,fisi-05,SHIORI,老眼鏡,fisi-05-1-25,25,0,24,12,0,13,29
2026-09-18,fisi-05,SHIORI,老眼鏡,fisi-05-1-30,30,0,10,14,0,0,0
2026-09-18,fisi-05,SHIORI,老眼鏡,fisi-05-2-10,10,0,20,15,0,0,20
2026-09-18,fisi-05,SHIORI,老眼鏡,fisi-05-2-15,15,0,24,13,0,2,52
2026-09-18,fisi-05,SHIORI,老眼鏡,fisi-05-2-20,20,0,23,14,0,0,126
2026-09-18,fisi-05,SHIORI,老眼鏡,fisi-05-2-25,25,0,25,16,0,0,22
2026-09-18,fisi-05,SHIORI,老眼鏡,fisi-05-2-30,30,0,0,4,0,0,0
2026-09-18,fisi-05,SHIORI,老眼鏡,fisi-05-3-10,10,0,4,14,0,0,0
2026-09-18,fisi-05,SHIORI,老眼鏡,fisi-05-3-15,15,0,0,10,0,0,0
2026-09-18,fisi-05,SHIORI,老眼鏡,fisi-05-3-20,20,0,0,11,0,0,0
2026-09-18,fisi-05,SHIORI,老眼鏡,fisi-05-3-25,25,0,2,12,0,0,0
2026-09-18,fisi-05,SHIORI,老眼鏡,fisi-05-3-30,30,0,2,4,0,0,0
2026-09-18,fisi-05,SHIORI,老眼鏡,fisi-05-4-10,10,0,26,14,0,0,91
2026-09-18,fisi-05,SHIORI,老眼鏡,fisi-05-4-15,15,0,28,14,0,0,99
2026-09-18,fisi-05,SHIORI,老眼鏡,fisi-05-4-20,20,0,28,14,0,0,33
2026-09-18,fisi-05,SHIORI,老眼鏡,fisi-05-4-25,25,0,26,12,0,0,0
2026-09-18,fisi-05,SHIORI,老眼鏡,fisi-05-4-30,30,0,22,13,0,0,0
2026-09-18,fl-3000,FEELLIFE,調光老眼鏡,fl-3000-1-05,5,0,20,12,0,3,9
2026-09-18,fl-3000,FEELLIFE,調光老眼鏡,fl-3000-1-10,10,0,19,11,0,0,0
2026-09-18,fl-3000,FEELLIFE,調光老眼鏡,fl-3000-1-15,15,0,19,14,0,0,12
2026-09-18,fl-3000,FEELLIFE,調光老眼鏡,fl-3000-1-20,20,0,20,15,0,0,0
2026-09-18,fl-3000,FEELLIFE,調光老眼鏡,fl-3000-1-25,25,0,7,10,0,0,0
2026-09-18,fl-3000,FEELLIFE,調光老眼鏡,fl-3000-2-05,5,0,4,0,0,0,0
2026-09-18,fl-3000,FEELLIFE,調光老眼鏡,fl-3000-2-10,10,0,20,8,0,0,0
2026-09-18,fl-3000,FEELLIFE,調光老眼鏡,fl-3000-2-15,15,0,19,12,0,3,21
2026-09-18,fl-3000,FEELLIFE,調光老眼鏡,fl-3000-2-20,20,0,19,12,0,3,7
2026-09-18,fl-3000,FEELLIFE,調光老眼鏡,fl-3000-2-25,25,0,6,3,0,0,0
2026-09-18,fl-3000,FEELLIFE,調光老眼鏡,fl-3000-3-05,5,0,19,16,0,0,5
2026-09-18,fl-3000,FEELLIFE,調光老眼鏡,fl-3000-3-10,10,0,15,0,0,0,0
2026-09-18,fl-3000,FEELLIFE,調光老眼鏡,fl-3000-3-15,15,0,15,0,0,0,0
2026-09-18,fl-3000,FEELLIFE,調光老眼鏡,fl-3000-3-20,20,0,6,0,0,0,0
2026-09-18,fl-3000,FEELLIFE,調光老眼鏡,fl-3000-3-25,25,0,5,2,0,0,0
2026-09-18,flc-002,FEELLIFE,老眼鏡,flc-002-1-10,10,0,13,0,0,0,0
2026-09-18,flc-002,FEELLIFE,老眼鏡,flc-002-1-15,15,0,15,0,5,0,20
2026-09-18,flc-002,FEELLIFE,老眼鏡,flc-002-1-20,20,0,15,0,9,1,38
2026-09-18,flc-002,FEELLIFE,老眼鏡,flc-002-1-25,25,0,20,0,16,0,11
2026-09-18,flc-002,FEELLIFE,老眼鏡,flc-002-1-30,30,0,18,0,7,0,8
2026-09-18,flc-002,FEELLIFE,老眼鏡,flc-002-2-10,10,0,20,0,0,1,61
2026-09-18,flc-002,FEELLIFE,老眼鏡,flc-002-2-15,15,0,18,0,2,0,139
2026-09-18,flc-002,FEELLIFE,老眼鏡,flc-002-2-20,20,0,21,0,9,0,201
2026-09-18,flc-002,FEELLIFE,老眼鏡,flc-002-2-25,25,0,14,0,15,0,28
2026-09-18,flc-002,FEELLIFE,老眼鏡,flc-002-2-30,30,0,19,0,8,0,42
2026-09-18,flh-001ph,FEELLIFE,調光老眼鏡,flh-001ph-1-10,10,0,15,0,23,0,33
2026-09-18,flh-001ph,FEELLIFE,調光老眼鏡,flh-001ph-1-15,15,0,11,0,1,0,35
2026-09-18,flh-001ph,FEELLIFE,調光老眼鏡,flh-001ph-1-20,20,0,12,0,13,0,46
2026-09-18,flh-001ph,FEELLIFE,調光老眼鏡,flh-001ph-2-10,10,0,13,0,26,0,40
2026-09-18,flh-001ph,FEELLIFE,調光老眼鏡,flh-001ph-2-15,15,0,18,0,0,0,30
2026-09-18,flh-001ph,FEELLIFE,調光老眼鏡,flh-001ph-2-20,20,0,14,0,0,0,30
2026-09-18,flk-001,FEELLIFE,老眼鏡,flk-001-1-10,10,0,7,1,0,0,0
2026-09-18,flk-001,FEELLIFE,老眼鏡,flk-001-2-10,10,0,7,0,0,0,0
2026-09-18,flk-001,FEELLIFE,老眼鏡,flk-001-3-10,10,0,12,15,0,0,0
2026-09-18,flk-001,FEELLIFE,老眼鏡,flk-001-1-15,15,0,0,0,0,0,0
2026-09-18,flk-001,FEELLIFE,老眼鏡,flk-001-2-15,15,0,0,0,0,0,0
2026-09-18,flk-001,FEELLIFE,老眼鏡,flk-001-3-15,15,0,7,0,0,0,0
2026-09-18,flk-001,FEELLIFE,老眼鏡,flk-001-1-20,20,0,1,0,0,0,0
2026-09-18,flk-001,FEELLIFE,老眼鏡,flk-001-2-20,20,0,0,0,0,0,0
2026-09-18,flk-001,FEELLIFE,老眼鏡,flk-001-3-20,20,0,10,0,0,0,0
2026-09-18,flk-001,FEELLIFE,老眼鏡,flk-001-1-25,25,0,5,0,0,0,0
2026-09-18,flk-001,FEELLIFE,老眼鏡,flk-001-2-25,25,0,5,0,0,0,0
2026-09-18,flk-001,FEELLIFE,老眼鏡,flk-001-3-25,25,0,9,0,0,0,0
2026-09-18,fll-006,FEELLIFE,老眼鏡,fll-006-1-10,10,0,10,0,4,0,0
2026-09-18,fll-006,FEELLIFE,老眼鏡,fll-006-1-15,15,0,15,0,0,0,22
2026-09-18,fll-006,FEELLIFE,老眼鏡,fll-006-1-20,20,0,11,0,2,0,17
2026-09-18,fll-006,FEELLIFE,老眼鏡,fll-006-1-25,25,0,15,0,5,0,97
2026-09-18,fll-006,FEELLIFE,老眼鏡,fll-006-1-30,30,0,15,0,0,0,38
2026-09-18,fll-006,FEELLIFE,老眼鏡,fll-006-2-10,10,0,14,0,3,0,30
2026-09-18,fll-006,FEELLIFE,老眼鏡,fll-006-2-15,15,0,14,0,2,0,36
2026-09-18,fll-006,FEELLIFE,老眼鏡,fll-006-2-20,20,0,14,0,1,0,13
2026-09-18,fll-006,FEELLIFE,老眼鏡,fll-006-2-25,25,0,15,0,8,0,20
2026-09-18,fll-006,FEELLIFE,老眼鏡,fll-006-2-30,30,0,13,0,7,0,18
2026-09-18,fll-3000,FEELLIFE,老眼鏡,fll-3000-1-05,5,0,15,0,9,0,16
2026-09-18,fll-3000,FEELLIFE,老眼鏡,fll-3000-1-10,10,0,15,0,8,0,0
2026-09-18,fll-3000,FEELLIFE,老眼鏡,fll-3000-1-15,15,0,18,0,7,0,9
2026-09-18,fll-3000,FEELLIFE,老眼鏡,fll-3000-1-20,20,0,19,0,0,0,0
2026-09-18,fll-3000,FEELLIFE,老眼鏡,fll-3000-1-25,25,0,16,0,0,0,0
2026-09-18,fll-3000,FEELLIFE,老眼鏡,fll-3000-2-05,5,0,14,0,9,0,104
2026-09-18,fll-3000,FEELLIFE,老眼鏡,fll-3000-2-10,10,0,15,0,9,0,17
2026-09-18,fll-3000,FEELLIFE,老眼鏡,fll-3000-2-15,15,0,18,0,9,0,44
2026-09-18,fll-3000,FEELLIFE,老眼鏡,fll-3000-2-20,20,0,17,0,4,0,0
2026-09-18,fll-3000,FEELLIFE,老眼鏡,fll-3000-2-25,25,0,14,0,0,0,0
2026-09-18,fll-3004,FEELLIFE,老眼鏡,fll-3004-1-05,5,0,15,0,10,0,43
2026-09-18,fll-3004,FEELLIFE,老眼鏡,fll-3004-1-10,10,0,15,0,12,0,47
2026-09-18,fll-3004,FEELLIFE,老眼鏡,fll-3004-1-15,15,0,15,0,12,0,56
2026-09-18,fll-3004,FEELLIFE,老眼鏡,fll-3004-1-20,20,0,15,0,15,0,0
2026-09-18,fll-3004,FEELLIFE,老眼鏡,fll-3004-1-25,25,0,18,0,27,0,14
2026-09-18,fll-3004,FEELLIFE,老眼鏡,fll-3004-2-05,5,0,8,0,9,0,34
2026-09-18,fll-3004,FEELLIFE,老眼鏡,fll-3004-2-10,10,0,25,0,9,0,10
2026-09-18,fll-3004,FEELLIFE,老眼鏡,fll-3004-2-15,15,0,14,0,11,0,5
2026-09-18,fll-3004,FEELLIFE,老眼鏡,fll-3004-2-20,20,0,15,0,3,0,0
2026-09-18,fll-3004,FEELLIFE,老眼鏡,fll-3004-2-25,25,0,15,0,10,0,50
2026-09-18,fll-3004,FEELLIFE,老眼鏡,fll-3004-3-05,5,0,15,0,13,0,27
2026-09-18,fll-3004,FEELLIFE,老眼鏡,fll-3004-3-10,10,0,15,0,13,0,41
2026-09-18,fll-3004,FEELLIFE,老眼鏡,fll-3004-3-15,15,0,14,0,8,0,7
2026-09-18,fll-3004,FEELLIFE,老眼鏡,fll-3004-3-20,20,0,14,0,8,0,7
2026-09-18,fll-3004,FEELLIFE,老眼鏡,fll-3004-3-25,25,0,15,0,10,0,30
2026-09-18,fll-4000,FEELLIFE,老眼鏡,fll-4000-1-05,5,0,0,10,0,0,5
2026-09-18,fll-4000,FEELLIFE,老眼鏡,fll-4000-2-05,5,11,0,14,0,0,30
2026-09-18,fll-4000,FEELLIFE,老眼鏡,fll-4000-3-05,5,7,0,11,0,0,16
2026-09-18,fll-4000,FEELLIFE,老眼鏡,fll-4000-1-10,10,5,0,10,0,0,0
2026-09-18,fll-4000,FEELLIFE,老眼鏡,fll-4000-2-10,10,6,0,14,0,0,0
2026-09-18,fll-4000,FEELLIFE,老眼鏡,fll-4000-3-10,10,6,0,6,0,0,0
2026-09-18,fll-4000,FEELLIFE,老眼鏡,fll-4000-1-15,15,6,0,15,0,0,5
2026-09-18,fll-4000,FEELLIFE,老眼鏡,fll-4000-2-15,15,3,0,15,0,0,5
2026-09-18,fll-4000,FEELLIFE,老眼鏡,fll-4000-3-15,15,4,0,11,0,0,0
2026-09-18,fll-4000,FEELLIFE,老眼鏡,fll-4000-1-20,20,5,0,10,0,0,0
2026-09-18,fll-4000,FEELLIFE,老眼鏡,fll-4000-2-20,20,3,0,10,0,0,0
2026-09-18,fll-4000,FEELLIFE,老眼鏡,fll-4000-3-20,20,5,0,3,0,0,0
2026-09-18,fll-4000,FEELLIFE,老眼鏡,fll-4000-1-25,25,1,0,15,0,0,0
2026-09-18,fll-4000,FEELLIFE,老眼鏡,fll-4000-2-25,25,4,0,11,0,0,0
2026-09-18,fll-4000,FEELLIFE,老眼鏡,fll-4000-3-25,25,3,0,15,0,0,2
2026-09-18,flm-001,FEELLIFE,老眼鏡,flm-001-1-10,10,0,22,0,7,0,21
2026-09-18,flm-001,FEELLIFE,老眼鏡,flm-001-1-15,15,0,17,0,6,0,146
2026-09-18,flm-001,FEELLIFE,老眼鏡,flm-001-1-20,20,0,15,0,5,0,52
2026-09-18,flm-001,FEELLIFE,老眼鏡,flm-001-1-25,25,0,16,0,6,0,44
2026-09-18,flm-001,FEELLIFE,老眼鏡,flm-001-1-30,30,0,16,0,1,0,0
2026-09-18,flm-001,FEELLIFE,老眼鏡,flm-001-2-10,10,0,18,0,10,0,11
2026-09-18,flm-001,FEELLIFE,老眼鏡,flm-001-2-15,15,0,18,0,6,0,104
2026-09-18,flm-001,FEELLIFE,老眼鏡,flm-001-2-20,20,0,16,0,5,0,74
2026-09-18,flm-001,FEELLIFE,老眼鏡,flm-001-2-25,25,0,19,0,11,5,6
2026-09-18,flm-001,FEELLIFE,老眼鏡,flm-001-2-30,30,0,20,0,7,0,10
2026-09-18,flm-002,FEELLIFE,老眼鏡,flm-002-1-10,10,0,20,0,10,0,75
2026-09-18,flm-002,FEELLIFE,老眼鏡,flm-002-1-15,15,0,19,0,12,0,82
2026-09-18,flm-002,FEELLIFE,老眼鏡,flm-002-1-20,20,0,18,0,13,0,35
2026-09-18,flm-002,FEELLIFE,老眼鏡,flm-002-1-25,25,0,21,0,8,0,21
2026-09-18,flm-002,FEELLIFE,老眼鏡,flm-002-1-30,30,0,10,0,3,0,0
2026-09-18,flm-002,FEELLIFE,老眼鏡,flm-002-2-10,10,0,24,0,10,0,60
2026-09-18,flm-002,FEELLIFE,老眼鏡,flm-002-2-15,15,0,27,0,12,0,40
2026-09-18,flm-002,FEELLIFE,老眼鏡,flm-002-2-20,20,0,21,0,10,0,82
2026-09-18,flm-002,FEELLIFE,老眼鏡,flm-002-2-25,25,0,20,0,2,0,2
2026-09-18,flm-002,FEELLIFE,老眼鏡,flm-002-2-30,30,0,20,0,6,0,0
2026-09-18,flm-006,FEELLIFE,老眼鏡,flm-006-1-10,10,0,20,0,6,0,45
2026-09-18,flm-006,FEELLIFE,老眼鏡,flm-006-1-15,15,0,17,0,4,0,37
2026-09-18,flm-006,FEELLIFE,老眼鏡,flm-006-1-20,20,0,19,0,10,0,56
2026-09-18,flm-006,FEELLIFE,老眼鏡,flm-006-1-25,25,0,17,0,3,0,0
2026-09-18,flm-006,FEELLIFE,老眼鏡,flm-006-1-30,30,0,17,0,5,0,0
2026-09-18,flm-006,FEELLIFE,老眼鏡,flm-006-2-10,10,0,20,0,4,0,5
2026-09-18,flm-006,FEELLIFE,老眼鏡,flm-006-2-15,15,0,20,0,8,0,60
2026-09-18,flm-006,FEELLIFE,老眼鏡,flm-006-2-20,20,0,17,0,1,0,43
2026-09-18,flm-006,FEELLIFE,老眼鏡,flm-006-2-25,25,0,19,0,2,0,0
2026-09-18,flm-006,FEELLIFE,老眼鏡,flm-006-2-30,30,0,11,0,0,0,0
2026-09-18,flw-001,FEELLIFE,調光サングラス,flw-001-002-1,,0,17,18,0,0,0
2026-09-18,flw-001,FEELLIFE,調光サングラス,flw-001-002-2,,0,14,20,0,0,0
2026-09-18,flw-001,FEELLIFE,調光サングラス,flw-001-002-3,,0,18,19,0,0,0
2026-09-18,flw-001,FEELLIFE,調光サングラス,flw-001-002-4,,0,16,20,0,0,0
2026-09-18,flw-002,FEELLIFE,調光サングラス,flw-001-002-1a,,0,0,0,0,0,0
2026-09-18,flw-002,FEELLIFE,調光サングラス,flw-001-002-2a,,0,1,0,0,0,0
2026-09-18,flw-002,FEELLIFE,調光サングラス,flw-001-002-3a,,0,1,0,0,0,0
2026-09-18,flw-002,FEELLIFE,調光サングラス,flw-001-002-4a,,0,20,18,0,0,0
2026-09-18,ph5099,GGeyewear,調光サングラス,ph5099-1,,0,16,13,0,0,0
2026-09-18,ph5099,GGeyewear,調光サングラス,ph5099-2,,0,16,17,0,0,0
2026-09-18,ph5099,GGeyewear,調光サングラス,ph5099-12,,0,16,14,0,0,0
2026-09-18,si-01sap,SHIORI,老眼鏡,si-01sa-1-15,15,0,14,15,0,0,0
2026-09-18,si-01sap,SHIORI,老眼鏡,si-01sa-1-20,20,0,14,15,0,0,0
2026-09-18,si-01sap,SHIORI,老眼鏡,si-01sa-1-25,25,0,0,7,0,0,0
2026-09-18,si-01sap,SHIORI,老眼鏡,si-01sa-1-30,30,0,9,8,0,0,0
2026-09-18,si-01sap,SHIORI,老眼鏡,si-01sa-2-15,15,0,17,10,0,0,0
2026-09-18,si-01sap,SHIORI,老眼鏡,si-01sa-2-20,20,0,19,14,0,0,0
2026-09-18,si-01sap,SHIORI,老眼鏡,si-01sa-2-25,25,0,0,0,0,0,0
2026-09-18,si-01sap,SHIORI,老眼鏡,si-01sa-2-30,30,0,0,1,0,0,0
2026-09-18,si-01sap,SHIORI,老眼鏡,si-01sa-3-15,15,0,17,10,0,0,0
2026-09-18,si-01sap,SHIORI,老眼鏡,si-01sa-3-20,20,0,14,9,0,0,0
2026-09-18,si-01sap,SHIORI,老眼鏡,si-01sa-3-25,25,0,6,0,0,0,0
2026-09-18,si-01sap,SHIORI,老眼鏡,si-01sa-3-30,30,0,14,2,0,0,0
2026-09-18,si-08r,SHIORI,老眼鏡,si-08r-1-15,15,0,20,9,0,0,5
2026-09-18,si-08r,SHIORI,老眼鏡,si-08r-2-15,15,0,9,15,0,0,43
2026-09-18,si-08r,SHIORI,老眼鏡,si-08r-3-15,15,0,29,10,0,6,3
2026-09-18,si-08r,SHIORI,老眼鏡,si-08r-1-20,20,0,10,9,0,0,4
2026-09-18,si-08r,SHIORI,老眼鏡,si-08r-2-20,20,0,10,13,0,0,34
2026-09-18,si-08r,SHIORI,老眼鏡,si-08r-3-20,20,0,18,9,0,9,30
2026-09-18,si-08r,SHIORI,老眼鏡,si-08r-1-25,25,0,10,6,0,0,0
2026-09-18,si-08r,SHIORI,老眼鏡,si-08r-2-25,25,0,11,12,0,0,26
2026-09-18,si-08r,SHIORI,老眼鏡,si-08r-3-25,25,0,12,9,0,4,7
2026-09-18,si-09,SHIORI,老眼鏡,si-09-1-15,15,0,9,9,0,0,0
2026-09-18,si-09,SHIORI,老眼鏡,si-09-2-15,15,0,8,11,0,0,9
2026-09-18,si-09,SHIORI,老眼鏡,si-09-3-15,15,0,9,11,0,0,5
2026-09-18,si-09,SHIORI,老眼鏡,si-09-1-20,20,0,0,11,0,0,0
2026-09-18,si-09,SHIORI,老眼鏡,si-09-2-20,20,0,0,3,0,0,0
2026-09-18,si-09,SHIORI,老眼鏡,si-09-3-20,20,0,7,11,0,2,26
2026-09-18,si-09,SHIORI,老眼鏡,si-09-1-25,25,0,20,10,0,2,11
2026-09-18,si-09,SHIORI,老眼鏡,si-09-2-25,25,0,18,0,0,2,0
2026-09-18,si-09,SHIORI,老眼鏡,si-09-3-25,25,0,10,9,0,1,35
2026-09-18,si-09,SHIORI,老眼鏡,si-09-1-30,30,0,19,11,0,0,13
2026-09-18,si-09,SHIORI,老眼鏡,si-09-2-30,30,0,9,13,0,0,0
2026-09-18,si-09,SHIORI,老眼鏡,si-09-3-30,30,0,2,9,0,0,0
2026-09-18,si-10,SHIORI,老眼鏡,si-10-1-15,15,0,14,9,0,0,75
2026-09-18,si-10,SHIORI,老眼鏡,si-10-1-20,20,0,11,9,0,0,16
2026-09-18,si-10,SHIORI,老眼鏡,si-10-1-25,25,0,6,14,0,0,2
2026-09-18,si-10,SHIORI,老眼鏡,si-10-1-30,30,0,10,4,0,2,0
2026-09-18,si-10,SHIORI,老眼鏡,si-10-2-15,15,0,10,14,0,0,39
2026-09-18,si-10,SHIORI,老眼鏡,si-10-2-20,20,0,7,13,0,0,8
2026-09-18,si-10,SHIORI,老眼鏡,si-10-2-25,25,0,12,9,0,0,6
2026-09-18,si-10,SHIORI,老眼鏡,si-10-2-30,30,0,11,2,0,0,0
2026-09-18,si-10,SHIORI,老眼鏡,si-10-3-15,15,0,13,9,0,0,8
2026-09-18,si-10,SHIORI,老眼鏡,si-10-3-20,20,0,11,9,0,0,9
2026-09-18,si-10,SHIORI,老眼鏡,si-10-3-25,25,0,8,9,0,0,10
2026-09-18,si-10,SHIORI,老眼鏡,si-10-3-30,30,0,15,7,0,0,0
2026-09-18,si-10,SHIORI,老眼鏡,si-10-4-15,15,0,14,9,0,0,30
2026-09-18,si-10,SHIORI,老眼鏡,si-10-4-20,20,0,8,11,0,0,0
2026-09-18,si-10,SHIORI,老眼鏡,si-10-4-25,25,0,17,11,0,0,5
2026-09-18,si-10,SHIORI,老眼鏡,si-10-4-30,30,0,8,8,0,0,0
2026-09-18,si-11,SHIORI,老眼鏡,si-11-1-10,10,0,14,9,0,0,37
2026-09-18,si-11,SHIORI,老眼鏡,si-11-2-10,10,0,14,10,0,0,1
2026-09-18,si-11,SHIORI,老眼鏡,si-11-3-10,10,0,17,9,0,0,15
2026-09-18,si-11,SHIORI,老眼鏡,si-11-1-15,15,0,10,0,0,0,0
2026-09-18,si-11,SHIORI,老眼鏡,si-11-2-15,15,0,0,0,0,0,0
2026-09-18,si-11,SHIORI,老眼鏡,si-11-3-15,15,0,1,0,0,0,0
2026-09-18,si-11,SHIORI,老眼鏡,si-11-1-20,20,0,21,11,0,0,67
2026-09-18,si-11,SHIORI,老眼鏡,si-11-2-20,20,0,18,1,0,3,0
2026-09-18,si-11,SHIORI,老眼鏡,si-11-3-20,20,0,14,9,0,0,2
2026-09-18,si-11,SHIORI,老眼鏡,si-11-1-25,25,0,14,12,0,3,36
2026-09-18,si-11,SHIORI,老眼鏡,si-11-2-25,25,0,19,9,0,2,3
2026-09-18,si-11,SHIORI,老眼鏡,si-11-3-25,25,0,13,14,0,3,17
2026-09-18,si-13,SHIORI,老眼鏡,si-13-1-15,15,0,10,10,0,10,42
2026-09-18,si-13,SHIORI,老眼鏡,si-13-1-20,20,0,10,14,0,10,29
2026-09-18,si-13,SHIORI,老眼鏡,si-13-1-25,25,0,9,15,0,29,30
2026-09-18,si-13,SHIORI,老眼鏡,si-13-1-30,30,0,14,15,0,15,21
2026-09-18,si-13,SHIORI,老眼鏡,si-13-2-15,15,0,10,12,0,6,29
2026-09-18,si-13,SHIORI,老眼鏡,si-13-2-20,20,0,11,7,0,14,39
2026-09-18,si-13,SHIORI,老眼鏡,si-13-2-25,25,0,11,14,0,17,42
2026-09-18,si-13,SHIORI,老眼鏡,si-13-2-30,30,0,12,15,0,12,0
2026-09-18,si-13,SHIORI,老眼鏡,si-13-3-15,15,0,14,14,0,14,14
2026-09-18,si-13,SHIORI,老眼鏡,si-13-3-20,20,0,11,15,0,29,13
2026-09-18,si-13,SHIORI,老眼鏡,si-13-3-25,25,0,14,15,0,27,33
2026-09-18,si-13,SHIORI,老眼鏡,si-13-3-30,30,0,13,14,0,2,28
2026-09-18,si-13ph,SHIORI,調光老眼鏡,si-13ph-1-10,10,0,11,10,0,0,0
2026-09-18,si-13ph,SHIORI,調光老眼鏡,si-13ph-1-15,15,0,14,14,0,0,44
2026-09-18,si-13ph,SHIORI,調光老眼鏡,si-13ph-1-20,20,0,14,14,0,0,13
2026-09-18,si-13ph,SHIORI,調光老眼鏡,si-13ph-2-10,10,0,12,15,0,0,3
2026-09-18,si-13ph,SHIORI,調光老眼鏡,si-13ph-2-15,15,0,15,14,0,0,29
2026-09-18,si-13ph,SHIORI,調光老眼鏡,si-13ph-2-20,20,0,9,15,0,0,0
2026-09-18,si-13ph,SHIORI,調光老眼鏡,si-13ph-3-10,10,0,3,12,0,0,0
2026-09-18,si-13ph,SHIORI,調光老眼鏡,si-13ph-3-15,15,0,14,15,0,0,27
2026-09-18,si-13ph,SHIORI,調光老眼鏡,si-13ph-3-20,20,0,13,11,0,0,0
2026-09-18,spc-006,SPC,老眼鏡,spc-006-1-10,10,0,9,0,41,0,0
2026-09-18,spc-006,SPC,老眼鏡,spc-006-2-10,10,0,0,0,11,0,0
2026-09-18,spc-006,SPC,老眼鏡,spc-006-3-10,10,0,0,0,0,1,0
2026-09-18,spc-006,SPC,老眼鏡,spc-006-1-15,15,0,15,0,14,0,0
2026-09-18,spc-006,SPC,老眼鏡,spc-006-2-15,15,0,0,0,21,0,0
2026-09-18,spc-006,SPC,老眼鏡,spc-006-3-15,15,0,0,0,1,2,0
2026-09-18,spc-006,SPC,老眼鏡,spc-006-1-20,20,0,16,0,14,0,0
2026-09-18,spc-006,SPC,老眼鏡,spc-006-2-20,20,0,0,0,12,0,0
2026-09-18,spc-006,SPC,老眼鏡,spc-006-3-20,20,0,0,0,2,2,0
2026-09-18,spc-006,SPC,老眼鏡,spc-006-1-25,25,0,18,0,9,1,5
2026-09-18,spc-006,SPC,老眼鏡,spc-006-2-25,25,0,0,0,1,0,0
2026-09-18,spc-006,SPC,老眼鏡,spc-006-3-25,25,0,0,0,6,4,0
2026-09-18,spc-007,SPC,老眼鏡,spc-007-2-10,10,0,15,0,14,0,37
2026-09-18,spc-007,SPC,老眼鏡,spc-007-2-15,15,0,12,0,15,0,57
2026-09-18,spc-007,SPC,老眼鏡,spc-007-2-20,20,0,8,0,8,0,22
2026-09-18,spc-007,SPC,老眼鏡,spc-007-2-25,25,0,0,0,0,0,0
2026-09-18,spc-007,SPC,老眼鏡,spc-007-3-10,10,0,0,0,49,6,7
2026-09-18,spc-007,SPC,老眼鏡,spc-007-3-15,15,0,0,0,70,1,15
2026-09-18,spc-007,SPC,老眼鏡,spc-007-3-20,20,0,0,0,53,1,0
2026-09-18,spc-007,SPC,老眼鏡,spc-007-3-25,25,0,0,0,45,4,6
2026-09-24,fisi-05,SHIORI,老眼鏡,fisi-05-1-10,10,0,29,13,0,0,0
2026-09-24,fisi-05,SHIORI,老眼鏡,fisi-05-1-15,15,0,24,15,0,0,80
2026-09-24,fisi-05,SHIORI,老眼鏡,fisi-05-1-20,20,0,31,14,0,0,81
2026-09-24,fisi-05,SHIORI,老眼鏡,fisi-05-1-25,25,0,26,15,0,0,25
2026-09-24,fisi-05,SHIORI,老眼鏡,fisi-05-1-30,30,0,10,14,0,0,0
2026-09-24,fisi-05,SHIORI,老眼鏡,fisi-05-2-10,10,0,28,14,0,0,7
2026-09-24,fisi-05,SHIORI,老眼鏡,fisi-05-2-15,15,0,25,15,0,0,36
2026-09-24,fisi-05,SHIORI,老眼鏡,fisi-05-2-20,20,0,15,15,0,0,112
2026-09-24,fisi-05,SHIORI,老眼鏡,fisi-05-2-25,25,0,27,15,0,0,8
2026-09-24,fisi-05,SHIORI,老眼鏡,fisi-05-2-30,30,0,0,4,0,0,0
2026-09-24,fisi-05,SHIORI,老眼鏡,fisi-05-3-10,10,0,3,14,0,0,0
2026-09-24,fisi-05,SHIORI,老眼鏡,fisi-05-3-15,15,0,0,10,0,0,0
2026-09-24,fisi-05,SHIORI,老眼鏡,fisi-05-3-20,20,0,0,11,0,0,0
2026-09-24,fisi-05,SHIORI,老眼鏡,fisi-05-3-25,25,0,0,12,0,0,0
2026-09-24,fisi-05,SHIORI,老眼鏡,fisi-05-3-30,30,0,1,4,0,0,0
2026-09-24,fisi-05,SHIORI,老眼鏡,fisi-05-4-10,10,0,26,14,0,0,77
2026-09-24,fisi-05,SHIORI,老眼鏡,fisi-05-4-15,15,0,28,14,0,0,87
2026-09-24,fisi-05,SHIORI,老眼鏡,fisi-05-4-20,20,0,28,14,0,0,21
2026-09-24,fisi-05,SHIORI,老眼鏡,fisi-05-4-25,25,0,23,12,0,0,0
2026-09-24,fisi-05,SHIORI,老眼鏡,fisi-05-4-30,30,0,22,13,0,0,0
2026-09-24,fl-3000,FEELLIFE,調光老眼鏡,fl-3000-1-05,5,0,20,13,0,0,0
2026-09-24,fl-3000,FEELLIFE,調光老眼鏡,fl-3000-1-10,10,0,18,4,0,0,0
2026-09-24,fl-3000,FEELLIFE,調光老眼鏡,fl-3000-1-15,15,0,19,15,0,0,3
2026-09-24,fl-3000,FEELLIFE,調光老眼鏡,fl-3000-1-20,20,0,20,11,0,0,0
2026-09-24,fl-3000,FEELLIFE,調光老眼鏡,fl-3000-1-25,25,0,7,7,0,0,0
2026-09-24,fl-3000,FEELLIFE,調光老眼鏡,fl-3000-2-05,5,0,4,0,0,0,0
2026-09-24,fl-3000,FEELLIFE,調光老眼鏡,fl-3000-2-10,10,0,20,0,0,0,0
2026-09-24,fl-3000,FEELLIFE,調光老眼鏡,fl-3000-2-15,15,0,19,14,0,0,0
2026-09-24,fl-3000,FEELLIFE,調光老眼鏡,fl-3000-2-20,20,0,19,8,0,0,0
2026-09-24,fl-3000,FEELLIFE,調光老眼鏡,fl-3000-2-25,25,0,5,1,0,0,0
2026-09-24,fl-3000,FEELLIFE,調光老眼鏡,fl-3000-3-05,5,0,19,15,0,0,0
2026-09-24,fl-3000,FEELLIFE,調光老眼鏡,fl-3000-3-10,10,0,15,0,0,0,0
2026-09-24,fl-3000,FEELLIFE,調光老眼鏡,fl-3000-3-15,15,0,15,0,0,0,0
2026-09-24,fl-3000,FEELLIFE,調光老眼鏡,fl-3000-3-20,20,0,6,0,0,0,0
2026-09-24,fl-3000,FEELLIFE,調光老眼鏡,fl-3000-3-25,25,0,5,1,0,0,0
2026-09-24,flc-002,FEELLIFE,老眼鏡,flc-002-1-10,10,0,13,0,0,0,0
2026-09-24,flc-002,FEELLIFE,老眼鏡,flc-002-1-15,15,0,20,0,3,0,15
2026-09-24,flc-002,FEELLIFE,老眼鏡,flc-002-1-20,20,0,20,0,5,0,33
2026-09-24,flc-002,FEELLIFE,老眼鏡,flc-002-1-25,25,0,20,0,13,0,6
2026-09-24,flc-002,FEELLIFE,老眼鏡,flc-002-1-30,30,0,20,0,5,0,3
2026-09-24,flc-002,FEELLIFE,老眼鏡,flc-002-2-10,10,0,20,0,0,0,56
2026-09-24,flc-002,FEELLIFE,老眼鏡,flc-002-2-15,15,0,20,0,0,0,134
2026-09-24,flc-002,FEELLIFE,老眼鏡,flc-002-2-20,20,0,21,0,5,0,197
2026-09-24,flc-002,FEELLIFE,老眼鏡,flc-002-2-25,25,0,20,0,11,0,23
2026-09-24,flc-002,FEELLIFE,老眼鏡,flc-002-2-30,30,0,19,0,5,0,36
2026-09-24,flh-001ph,FEELLIFE,調光老眼鏡,flh-001ph-1-10,10,0,20,0,23,0,28
2026-09-24,flh-001ph,FEELLIFE,調光老眼鏡,flh-001ph-1-15,15,0,19,0,10,0,30
2026-09-24,flh-001ph,FEELLIFE,調光老眼鏡,flh-001ph-1-20,20,0,20,0,11,0,41
2026-09-24,flh-001ph,FEELLIFE,調光老眼鏡,flh-001ph-2-10,10,0,20,0,26,0,35
2026-09-24,flh-001ph,FEELLIFE,調光老眼鏡,flh-001ph-2-15,15,0,18,0,10,0,23
2026-09-24,flh-001ph,FEELLIFE,調光老眼鏡,flh-001ph-2-20,20,0,20,0,9,0,25
2026-09-24,flk-001,FEELLIFE,老眼鏡,flk-001-1-10,10,0,7,0,0,0,0
2026-09-24,flk-001,FEELLIFE,老眼鏡,flk-001-2-10,10,0,7,0,0,0,0
2026-09-24,flk-001,FEELLIFE,老眼鏡,flk-001-3-10,10,0,12,14,0,0,0
2026-09-24,flk-001,FEELLIFE,老眼鏡,flk-001-1-15,15,0,0,0,0,0,0
2026-09-24,flk-001,FEELLIFE,老眼鏡,flk-001-2-15,15,0,0,0,0,0,0
2026-09-24,flk-001,FEELLIFE,老眼鏡,flk-001-3-15,15,0,7,0,0,0,0
2026-09-24,flk-001,FEELLIFE,老眼鏡,flk-001-1-20,20,0,1,0,0,0,0
2026-09-24,flk-001,FEELLIFE,老眼鏡,flk-001-2-20,20,0,0,0,0,0,0
2026-09-24,flk-001,FEELLIFE,老眼鏡,flk-001-3-20,20,0,10,0,0,0,0
2026-09-24,flk-001,FEELLIFE,老眼鏡,flk-001-1-25,25,0,5,0,0,0,0
2026-09-24,flk-001,FEELLIFE,老眼鏡,flk-001-2-25,25,0,4,0,0,0,0
2026-09-24,flk-001,FEELLIFE,老眼鏡,flk-001-3-25,25,0,9,0,0,0,0
2026-09-24,fll-006,FEELLIFE,老眼鏡,fll-006-1-10,10,0,10,0,1,0,0
2026-09-24,fll-006,FEELLIFE,老眼鏡,fll-006-1-15,15,0,14,0,6,0,16
2026-09-24,fll-006,FEELLIFE,老眼鏡,fll-006-1-20,20,0,15,0,9,0,12
2026-09-24,fll-006,FEELLIFE,老眼鏡,fll-006-1-25,25,0,14,0,10,0,91
2026-09-24,fll-006,FEELLIFE,老眼鏡,fll-006-1-30,30,0,12,0,8,0,30
2026-09-24,fll-006,FEELLIFE,老眼鏡,fll-006-2-10,10,0,14,0,7,0,24
2026-09-24,fll-006,FEELLIFE,老眼鏡,fll-006-2-15,15,0,13,0,2,0,29
2026-09-24,fll-006,FEELLIFE,老眼鏡,fll-006-2-20,20,0,16,0,0,0,9
2026-09-24,fll-006,FEELLIFE,老眼鏡,fll-006-2-25,25,0,15,0,6,0,15
2026-09-24,fll-006,FEELLIFE,老眼鏡,fll-006-2-30,30,0,13,0,6,0,11
2026-09-24,fll-3000,FEELLIFE,老眼鏡,fll-3000-1-05,5,0,15,0,12,0,11
2026-09-24,fll-3000,FEELLIFE,老眼鏡,fll-3000-1-10,10,0,15,0,7,0,0
2026-09-24,fll-3000,FEELLIFE,老眼鏡,fll-3000-1-15,15,0,18,0,9,0,7
2026-09-24,fll-3000,FEELLIFE,老眼鏡,fll-3000-1-20,20,0,19,0,0,0,0
2026-09-24,fll-3000,FEELLIFE,老眼鏡,fll-3000-1-25,25,0,16,0,0,0,0
2026-09-24,fll-3000,FEELLIFE,老眼鏡,fll-3000-2-05,5,0,14,0,7,0,98
2026-09-24,fll-3000,FEELLIFE,老眼鏡,fll-3000-2-10,10,0,15,0,8,0,12
2026-09-24,fll-3000,FEELLIFE,老眼鏡,fll-3000-2-15,15,0,18,0,7,0,42
2026-09-24,fll-3000,FEELLIFE,老眼鏡,fll-3000-2-20,20,0,17,0,0,0,0
2026-09-24,fll-3000,FEELLIFE,老眼鏡,fll-3000-2-25,25,0,14,0,0,0,0
2026-09-24,fll-3004,FEELLIFE,老眼鏡,fll-3004-1-05,5,0,14,0,10,0,37
2026-09-24,fll-3004,FEELLIFE,老眼鏡,fll-3004-1-10,10,0,15,0,12,0,42
2026-09-24,fll-3004,FEELLIFE,老眼鏡,fll-3004-1-15,15,0,15,0,11,0,51
2026-09-24,fll-3004,FEELLIFE,老眼鏡,fll-3004-1-20,20,0,15,0,15,0,0
2026-09-24,fll-3004,FEELLIFE,老眼鏡,fll-3004-1-25,25,0,18,0,27,0,12
2026-09-24,fll-3004,FEELLIFE,老眼鏡,fll-3004-2-05,5,0,15,0,5,0,29
2026-09-24,fll-3004,FEELLIFE,老眼鏡,fll-3004-2-10,10,0,25,0,5,0,10
2026-09-24,fll-3004,FEELLIFE,老眼鏡,fll-3004-2-15,15,0,14,0,9,0,0
2026-09-24,fll-3004,FEELLIFE,老眼鏡,fll-3004-2-20,20,0,15,0,1,0,0
2026-09-24,fll-3004,FEELLIFE,老眼鏡,fll-3004-2-25,25,0,15,0,8,0,45
2026-09-24,fll-3004,FEELLIFE,老眼鏡,fll-3004-3-05,5,0,15,0,6,0,22
2026-09-24,fll-3004,FEELLIFE,老眼鏡,fll-3004-3-10,10,0,15,0,8,0,36
2026-09-24,fll-3004,FEELLIFE,老眼鏡,fll-3004-3-15,15,0,14,0,6,0,0
2026-09-24,fll-3004,FEELLIFE,老眼鏡,fll-3004-3-20,20,0,14,0,8,0,0
2026-09-24,fll-3004,FEELLIFE,老眼鏡,fll-3004-3-25,25,0,15,0,10,0,25
2026-09-24,fll-4000,FEELLIFE,老眼鏡,fll-4000-1-05,5,0,0,9,0,0,0
2026-09-24,fll-4000,FEELLIFE,老眼鏡,fll-4000-2-05,5,11,0,15,0,0,27
2026-09-24,fll-4000,FEELLIFE,老眼鏡,fll-4000-3-05,5,7,0,15,0,0,8
2026-09-24,fll-4000,FEELLIFE,老眼鏡,fll-4000-1-10,10,5,0,4,0,0,0
2026-09-24,fll-4000,FEELLIFE,老眼鏡,fll-4000-2-10,10,6,0,11,0,0,0
2026-09-24,fll-4000,FEELLIFE,老眼鏡,fll-4000-3-10,10,6,0,2,0,0,0
2026-09-24,fll-4000,FEELLIFE,老眼鏡,fll-4000-1-15,15,6,0,14,0,0,2
2026-09-24,fll-4000,FEELLIFE,老眼鏡,fll-4000-2-15,15,3,0,15,0,0,5
2026-09-24,fll-4000,FEELLIFE,老眼鏡,fll-4000-3-15,15,4,0,9,0,0,0
2026-09-24,fll-4000,FEELLIFE,老眼鏡,fll-4000-1-20,20,5,0,7,0,0,0
2026-09-24,fll-4000,FEELLIFE,老眼鏡,fll-4000-2-20,20,3,0,7,0,0,0
2026-09-24,fll-4000,FEELLIFE,老眼鏡,fll-4000-3-20,20,5,0,1,0,0,0
2026-09-24,fll-4000,FEELLIFE,老眼鏡,fll-4000-1-25,25,1,0,14,0,0,0
2026-09-24,fll-4000,FEELLIFE,老眼鏡,fll-4000-2-25,25,4,0,7,0,0,0
2026-09-24,fll-4000,FEELLIFE,老眼鏡,fll-4000-3-25,25,3,0,14,0,0,2
2026-09-24,flm-001,FEELLIFE,老眼鏡,flm-001-1-10,10,0,20,0,6,0,11
2026-09-24,flm-001,FEELLIFE,老眼鏡,flm-001-1-15,15,0,20,0,9,0,136
2026-09-24,flm-001,FEELLIFE,老眼鏡,flm-001-1-20,20,0,23,0,8,0,45
2026-09-24,flm-001,FEELLIFE,老眼鏡,flm-001-1-25,25,0,21,0,6,0,35
2026-09-24,flm-001,FEELLIFE,老眼鏡,flm-001-1-30,30,0,20,0,6,0,0
2026-09-24,flm-001,FEELLIFE,老眼鏡,flm-001-2-10,10,0,20,0,10,0,0
2026-09-24,flm-001,FEELLIFE,老眼鏡,flm-001-2-15,15,0,19,0,10,0,94
2026-09-24,flm-001,FEELLIFE,老眼鏡,flm-001-2-20,20,0,23,0,10,0,67
2026-09-24,flm-001,FEELLIFE,老眼鏡,flm-001-2-25,25,0,24,0,11,0,7
2026-09-24,flm-001,FEELLIFE,老眼鏡,flm-001-2-30,30,0,23,0,7,0,4
2026-09-24,flm-002,FEELLIFE,老眼鏡,flm-002-1-10,10,0,24,0,7,0,69
2026-09-24,flm-002,FEELLIFE,老眼鏡,flm-002-1-15,15,0,23,0,12,0,75
2026-09-24,flm-002,FEELLIFE,老眼鏡,flm-002-1-20,20,0,24,0,11,0,29
2026-09-24,flm-002,FEELLIFE,老眼鏡,flm-002-1-25,25,0,25,0,8,0,16
2026-09-24,flm-002,FEELLIFE,老眼鏡,flm-002-1-30,30,0,9,0,3,0,0
2026-09-24,flm-002,FEELLIFE,老眼鏡,flm-002-2-10,10,0,23,0,10,0,53
2026-09-24,flm-002,FEELLIFE,老眼鏡,flm-002-2-15,15,0,27,0,11,0,37
2026-09-24,flm-002,FEELLIFE,老眼鏡,flm-002-2-20,20,0,25,0,9,0,77
2026-09-24,flm-002,FEELLIFE,老眼鏡,flm-002-2-25,25,0,24,0,7,0,0
2026-09-24,flm-002,FEELLIFE,老眼鏡,flm-002-2-30,30,0,26,0,6,0,0
2026-09-24,flm-006,FEELLIFE,老眼鏡,flm-006-1-10,10,0,25,0,5,0,45
2026-09-24,flm-006,FEELLIFE,老眼鏡,flm-006-1-15,15,0,23,0,4,0,37
2026-09-24,flm-006,FEELLIFE,老眼鏡,flm-006-1-20,20,0,24,0,8,0,56
2026-09-24,flm-006,FEELLIFE,老眼鏡,flm-006-1-25,25,0,17,0,5,0,0
2026-09-24,flm-006,FEELLIFE,老眼鏡,flm-006-1-30,30,0,19,0,7,0,0
2026-09-24,flm-006,FEELLIFE,老眼鏡,flm-006-2-10,10,0,21,0,8,0,5
2026-09-24,flm-006,FEELLIFE,老眼鏡,flm-006-2-15,15,0,25,0,6,0,60
2026-09-24,flm-006,FEELLIFE,老眼鏡,flm-006-2-20,20,0,23,0,5,0,43
2026-09-24,flm-006,FEELLIFE,老眼鏡,flm-006-2-25,25,0,18,0,0,0,0
2026-09-24,flm-006,FEELLIFE,老眼鏡,flm-006-2-30,30,0,9,0,0,0,0
2026-09-24,flw-001,FEELLIFE,調光サングラス,flw-001-002-1,,0,20,15,0,0,0
2026-09-24,flw-001,FEELLIFE,調光サングラス,flw-001-002-2,,0,20,20,0,0,0
2026-09-24,flw-001,FEELLIFE,調光サングラス,flw-001-002-3,,0,20,19,0,0,0
2026-09-24,flw-001,FEELLIFE,調光サングラス,flw-001-002-4,,0,20,20,0,0,0
2026-09-24,flw-002,FEELLIFE,調光サングラス,flw-001-002-1a,,0,0,0,0,0,0
2026-09-24,flw-002,FEELLIFE,調光サングラス,flw-001-002-2a,,0,0,0,0,0,0
2026-09-24,flw-002,FEELLIFE,調光サングラス,flw-001-002-3a,,0,1,0,0,0,0
2026-09-24,flw-002,FEELLIFE,調光サングラス,flw-001-002-4a,,0,20,18,0,0,0
2026-09-24,ph5099,GGeyewear,調光サングラス,ph5099-1,,0,20,15,0,0,0
2026-09-24,ph5099,GGeyewear,調光サングラス,ph5099-2,,0,21,15,0,0,0
2026-09-24,ph5099,GGeyewear,調光サングラス,ph5099-12,,0,16,15,0,0,0
2026-09-24,si-01sap,SHIORI,老眼鏡,si-01sa-1-15,15,0,14,15,0,0,0
2026-09-24,si-01sap,SHIORI,老眼鏡,si-01sa-1-20,20,0,13,14,0,0,0
2026-09-24,si-01sap,SHIORI,老眼鏡,si-01sa-1-25,25,0,0,7,0,0,0
2026-09-24,si-01sap,SHIORI,老眼鏡,si-01sa-1-30,30,0,9,5,0,0,0
2026-09-24,si-01sap,SHIORI,老眼鏡,si-01sa-2-15,15,0,17,15,0,0,0
2026-09-24,si-01sap,SHIORI,老眼鏡,si-01sa-2-20,20,0,16,15,0,0,0
2026-09-24,si-01sap,SHIORI,老眼鏡,si-01sa-2-25,25,0,0,0,0,0,0
2026-09-24,si-01sap,SHIORI,老眼鏡,si-01sa-2-30,30,0,0,1,0,0,0
2026-09-24,si-01sap,SHIORI,老眼鏡,si-01sa-3-15,15,0,14,15,0,0,0
2026-09-24,si-01sap,SHIORI,老眼鏡,si-01sa-3-20,20,0,13,6,0,0,0
2026-09-24,si-01sap,SHIORI,老眼鏡,si-01sa-3-25,25,0,5,0,0,0,0
2026-09-24,si-01sap,SHIORI,老眼鏡,si-01sa-3-30,30,0,14,2,0,0,0
2026-09-24,si-07,SHIORI,老眼鏡,si-07-1-15,15,0,14,9,0,0,0
2026-09-24,si-07,SHIORI,老眼鏡,si-07-2-15,15,0,15,9,0,1,0
2026-09-24,si-07,SHIORI,老眼鏡,si-07-1-20,20,0,12,10,0,0,0
2026-09-24,si-07,SHIORI,老眼鏡,si-07-2-20,20,0,16,9,0,0,0
2026-09-24,si-07,SHIORI,老眼鏡,si-07-1-25,25,0,16,10,0,0,0
2026-09-24,si-07,SHIORI,老眼鏡,si-07-2-25,25,0,35,9,0,0,0
2026-09-24,si-07,SHIORI,老眼鏡,si-07-1-30,30,0,16,9,0,0,0
2026-09-24,si-07,SHIORI,老眼鏡,si-07-2-30,30,0,14,10,0,0,0
2026-09-24,si-08r,SHIORI,老眼鏡,si-08r-1-15,15,0,20,9,0,0,5
2026-09-24,si-08r,SHIORI,老眼鏡,si-08r-2-15,15,0,14,15,0,0,43
2026-09-24,si-08r,SHIORI,老眼鏡,si-08r-3-15,15,0,29,10,0,0,9
2026-09-24,si-08r,SHIORI,老眼鏡,si-08r-1-20,20,0,15,9,0,0,4
2026-09-24,si-08r,SHIORI,老眼鏡,si-08r-2-20,20,0,15,13,0,0,34
2026-09-24,si-08r,SHIORI,老眼鏡,si-08r-3-20,20,0,18,9,0,0,39
2026-09-24,si-08r,SHIORI,老眼鏡,si-08r-1-25,25,0,10,6,0,0,0
2026-09-24,si-08r,SHIORI,老眼鏡,si-08r-2-25,25,0,15,12,0,0,26
2026-09-24,si-08r,SHIORI,老眼鏡,si-08r-3-25,25,0,14,9,0,0,11
2026-09-24,si-09,SHIORI,老眼鏡,si-09-1-15,15,0,17,9,0,0,0
2026-09-24,si-09,SHIORI,老眼鏡,si-09-2-15,15,0,15,10,0,0,4
2026-09-24,si-09,SHIORI,老眼鏡,si-09-3-15,15,0,15,10,0,0,0
2026-09-24,si-09,SHIORI,老眼鏡,si-09-1-20,20,0,0,11,0,0,0
2026-09-24,si-09,SHIORI,老眼鏡,si-09-2-20,20,0,0,2,0,0,0
2026-09-24,si-09,SHIORI,老眼鏡,si-09-3-20,20,0,13,11,0,0,20
2026-09-24,si-09,SHIORI,老眼鏡,si-09-1-25,25,0,20,10,0,0,13
2026-09-24,si-09,SHIORI,老眼鏡,si-09-2-25,25,0,18,0,0,0,0
2026-09-24,si-09,SHIORI,老眼鏡,si-09-3-25,25,0,13,9,0,0,27
2026-09-24,si-09,SHIORI,老眼鏡,si-09-1-30,30,0,19,11,0,0,13
2026-09-24,si-09,SHIORI,老眼鏡,si-09-2-30,30,0,9,13,0,0,0
2026-09-24,si-09,SHIORI,老眼鏡,si-09-3-30,30,0,2,9,0,0,0
2026-09-24,si-10,SHIORI,老眼鏡,si-10-1-15,15,0,14,9,0,0,68
2026-09-24,si-10,SHIORI,老眼鏡,si-10-1-20,20,0,15,9,0,0,10
2026-09-24,si-10,SHIORI,老眼鏡,si-10-1-25,25,0,12,13,0,0,0
2026-09-24,si-10,SHIORI,老眼鏡,si-10-1-30,30,0,15,6,0,0,0
2026-09-24,si-10,SHIORI,老眼鏡,si-10-2-15,15,0,15,12,0,0,33
2026-09-24,si-10,SHIORI,老眼鏡,si-10-2-20,20,0,15,12,0,0,2
2026-09-24,si-10,SHIORI,老眼鏡,si-10-2-25,25,0,18,10,0,0,1
2026-09-24,si-10,SHIORI,老眼鏡,si-10-2-30,30,0,10,2,0,0,0
2026-09-24,si-10,SHIORI,老眼鏡,si-10-3-15,15,0,15,9,0,0,2
2026-09-24,si-10,SHIORI,老眼鏡,si-10-3-20,20,0,13,9,0,0,1
2026-09-24,si-10,SHIORI,老眼鏡,si-10-3-25,25,0,12,9,0,0,0
2026-09-24,si-10,SHIORI,老眼鏡,si-10-3-30,30,0,15,6,0,0,0
2026-09-24,si-10,SHIORI,老眼鏡,si-10-4-15,15,0,14,10,0,0,22
2026-09-24,si-10,SHIORI,老眼鏡,si-10-4-20,20,0,8,11,0,0,0
2026-09-24,si-10,SHIORI,老眼鏡,si-10-4-25,25,0,17,11,0,0,2
2026-09-24,si-10,SHIORI,老眼鏡,si-10-4-30,30,0,9,8,0,0,0
2026-09-24,si-11,SHIORI,老眼鏡,si-11-1-10,10,0,14,9,0,0,30
2026-09-24,si-11,SHIORI,老眼鏡,si-11-2-10,10,0,13,8,0,0,0
2026-09-24,si-11,SHIORI,老眼鏡,si-11-3-10,10,0,16,9,0,1,8
2026-09-24,si-11,SHIORI,老眼鏡,si-11-1-15,15,0,9,0,0,0,0
2026-09-24,si-11,SHIORI,老眼鏡,si-11-2-15,15,0,0,0,0,2,0
2026-09-24,si-11,SHIORI,老眼鏡,si-11-3-15,15,0,1,0,0,2,0
2026-09-24,si-11,SHIORI,老眼鏡,si-11-1-20,20,0,21,10,0,0,66
2026-09-24,si-11,SHIORI,老眼鏡,si-11-2-20,20,0,18,0,0,3,0
2026-09-24,si-11,SHIORI,老眼鏡,si-11-3-20,20,0,13,6,0,0,0
2026-09-24,si-11,SHIORI,老眼鏡,si-11-1-25,25,0,14,12,0,0,32
2026-09-24,si-11,SHIORI,老眼鏡,si-11-2-25,25,0,19,9,0,0,2
2026-09-24,si-11,SHIORI,老眼鏡,si-11-3-25,25,0,13,13,0,0,12
2026-09-24,si-13,SHIORI,老眼鏡,si-13-1-15,15,0,18,15,0,0,32
2026-09-24,si-13,SHIORI,老眼鏡,si-13-1-20,20,0,16,15,0,0,23
2026-09-24,si-13,SHIORI,老眼鏡,si-13-1-25,25,0,16,15,0,0,46
2026-09-24,si-13,SHIORI,老眼鏡,si-13-1-30,30,0,20,15,0,0,26
2026-09-24,si-13,SHIORI,老眼鏡,si-13-2-15,15,0,15,15,0,0,15
2026-09-24,si-13,SHIORI,老眼鏡,si-13-2-20,20,0,17,15,0,0,32
2026-09-24,si-13,SHIORI,老眼鏡,si-13-2-25,25,0,18,15,0,0,43
2026-09-24,si-13,SHIORI,老眼鏡,si-13-2-30,30,0,20,15,0,0,2
2026-09-24,si-13,SHIORI,老眼鏡,si-13-3-15,15,0,19,15,0,0,13
2026-09-24,si-13,SHIORI,老眼鏡,si-13-3-20,20,0,20,14,0,0,31
2026-09-24,si-13,SHIORI,老眼鏡,si-13-3-25,25,0,17,15,0,0,45
2026-09-24,si-13,SHIORI,老眼鏡,si-13-3-30,30,0,17,14,0,0,18
2026-09-24,si-13ph,SHIORI,調光老眼鏡,si-13ph-1-10,10,0,11,10,0,0,0
2026-09-24,si-13ph,SHIORI,調光老眼鏡,si-13ph-1-15,15,0,13,15,0,0,34
2026-09-24,si-13ph,SHIORI,調光老眼鏡,si-13ph-1-20,20,0,14,15,0,0,5
2026-09-24,si-13ph,SHIORI,調光老眼鏡,si-13ph-2-10,10,0,13,15,0,0,3
2026-09-24,si-13ph,SHIORI,調光老眼鏡,si-13ph-2-15,15,0,15,14,0,0,21
2026-09-24,si-13ph,SHIORI,調光老眼鏡,si-13ph-2-20,20,0,9,15,0,0,0
2026-09-24,si-13ph,SHIORI,調光老眼鏡,si-13ph-3-10,10,0,3,12,0,0,0
2026-09-24,si-13ph,SHIORI,調光老眼鏡,si-13ph-3-15,15,0,14,15,0,0,19
2026-09-24,si-13ph,SHIORI,調光老眼鏡,si-13ph-3-20,20,0,13,11,0,0,0
2026-09-24,spc-006,SPC,老眼鏡,spc-006-1-10,10,0,9,0,41,0,0
2026-09-24,spc-006,SPC,老眼鏡,spc-006-2-10,10,0,0,0,11,0,0
2026-09-24,spc-006,SPC,老眼鏡,spc-006-3-10,10,0,0,0,0,0,1
2026-09-24,spc-006,SPC,老眼鏡,spc-006-1-15,15,0,13,0,13,0,0
2026-09-24,spc-006,SPC,老眼鏡,spc-006-2-15,15,0,0,0,21,0,0
2026-09-24,spc-006,SPC,老眼鏡,spc-006-3-15,15,0,0,0,3,0,2
2026-09-24,spc-006,SPC,老眼鏡,spc-006-1-20,20,0,15,0,14,0,0
2026-09-24,spc-006,SPC,老眼鏡,spc-006-2-20,20,0,0,0,12,0,0
2026-09-24,spc-006,SPC,老眼鏡,spc-006-3-20,20,0,0,0,5,0,2
2026-09-24,spc-006,SPC,老眼鏡,spc-006-1-25,25,0,18,0,8,0,0
2026-09-24,spc-006,SPC,老眼鏡,spc-006-2-25,25,0,0,0,1,0,0
2026-09-24,spc-006,SPC,老眼鏡,spc-006-3-25,25,0,0,0,6,0,4
2026-09-24,spc-007,SPC,老眼鏡,spc-007-2-10,10,0,13,0,10,0,31
2026-09-24,spc-007,SPC,老眼鏡,spc-007-2-15,15,0,12,0,15,0,49
2026-09-24,spc-007,SPC,老眼鏡,spc-007-2-20,20,0,7,0,8,0,9
2026-09-24,spc-007,SPC,老眼鏡,spc-007-2-25,25,0,0,0,0,0,0
2026-09-24,spc-007,SPC,老眼鏡,spc-007-3-10,10,0,0,0,48,0,13
2026-09-24,spc-007,SPC,老眼鏡,spc-007-3-15,15,0,0,0,70,0,16
2026-09-24,spc-007,SPC,老眼鏡,spc-007-3-20,20,0,0,0,53,0,1
2026-09-24,spc-007,SPC,老眼鏡,spc-007-3-25,25,0,0,0,43,0,10
2026-09-25,fisi-05,SHIORI,老眼鏡,fisi-05-1-10,10,0,29,11,0,0,0
2026-09-25,fisi-05,SHIORI,老眼鏡,fisi-05-1-15,15,0,24,15,0,0,78
2026-09-25,fisi-05,SHIORI,老眼鏡,fisi-05-1-20,20,0,31,14,0,0,79
2026-09-25,fisi-05,SHIORI,老眼鏡,fisi-05-1-25,25,0,26,15,0,0,25
2026-09-25,fisi-05,SHIORI,老眼鏡,fisi-05-1-30,30,0,10,14,0,0,0
2026-09-25,fisi-05,SHIORI,老眼鏡,fisi-05-2-10,10,0,28,14,0,0,5
2026-09-25,fisi-05,SHIORI,老眼鏡,fisi-05-2-15,15,0,22,15,0,0,34
2026-09-25,fisi-05,SHIORI,老眼鏡,fisi-05-2-20,20,0,15,15,0,0,109
2026-09-25,fisi-05,SHIORI,老眼鏡,fisi-05-2-25,25,0,27,15,0,0,8
2026-09-25,fisi-05,SHIORI,老眼鏡,fisi-05-2-30,30,0,0,4,0,0,0
2026-09-25,fisi-05,SHIORI,老眼鏡,fisi-05-3-10,10,0,3,14,0,0,0
2026-09-25,fisi-05,SHIORI,老眼鏡,fisi-05-3-15,15,0,0,10,0,0,0
2026-09-25,fisi-05,SHIORI,老眼鏡,fisi-05-3-20,20,0,0,11,0,0,0
2026-09-25,fisi-05,SHIORI,老眼鏡,fisi-05-3-25,25,0,0,12,0,0,0
2026-09-25,fisi-05,SHIORI,老眼鏡,fisi-05-3-30,30,0,1,4,0,0,0
2026-09-25,fisi-05,SHIORI,老眼鏡,fisi-05-4-10,10,0,25,14,0,0,77
2026-09-25,fisi-05,SHIORI,老眼鏡,fisi-05-4-15,15,0,27,14,0,0,87
2026-09-25,fisi-05,SHIORI,老眼鏡,fisi-05-4-20,20,0,28,14,0,0,21
2026-09-25,fisi-05,SHIORI,老眼鏡,fisi-05-4-25,25,0,23,12,0,0,0
2026-09-25,fisi-05,SHIORI,老眼鏡,fisi-05-4-30,30,0,22,13,0,0,0
2026-09-25,fl-3000,FEELLIFE,調光老眼鏡,fl-3000-1-05,5,0,20,12,0,0,0
2026-09-25,fl-3000,FEELLIFE,調光老眼鏡,fl-3000-1-10,10,0,18,2,0,0,0
2026-09-25,fl-3000,FEELLIFE,調光老眼鏡,fl-3000-1-15,15,0,19,15,0,0,3
2026-09-25,fl-3000,FEELLIFE,調光老眼鏡,fl-3000-1-20,20,0,20,11,0,0,0
2026-09-25,fl-3000,FEELLIFE,調光老眼鏡,fl-3000-1-25,25,0,7,6,0,0,0
2026-09-25,fl-3000,FEELLIFE,調光老眼鏡,fl-3000-2-05,5,0,4,0,0,0,0
2026-09-25,fl-3000,FEELLIFE,調光老眼鏡,fl-3000-2-10,10,0,20,0,0,0,0
2026-09-25,fl-3000,FEELLIFE,調光老眼鏡,fl-3000-2-15,15,0,19,14,0,0,0
2026-09-25,fl-3000,FEELLIFE,調光老眼鏡,fl-3000-2-20,20,0,19,8,0,0,0
2026-09-25,fl-3000,FEELLIFE,調光老眼鏡,fl-3000-2-25,25,0,5,0,0,0,0
2026-09-25,fl-3000,FEELLIFE,調光老眼鏡,fl-3000-3-05,5,0,19,15,0,0,0
2026-09-25,fl-3000,FEELLIFE,調光老眼鏡,fl-3000-3-10,10,0,15,0,0,0,0
2026-09-25,fl-3000,FEELLIFE,調光老眼鏡,fl-3000-3-15,15,0,15,0,0,0,0
2026-09-25,fl-3000,FEELLIFE,調光老眼鏡,fl-3000-3-20,20,0,6,0,0,0,0
2026-09-25,fl-3000,FEELLIFE,調光老眼鏡,fl-3000-3-25,25,0,5,1,0,0,0
2026-09-25,flc-002,FEELLIFE,老眼鏡,flc-002-1-10,10,0,13,0,0,0,0
2026-09-25,flc-002,FEELLIFE,老眼鏡,flc-002-1-15,15,0,20,0,1,0,15
2026-09-25,flc-002,FEELLIFE,老眼鏡,flc-002-1-20,20,0,20,0,2,0,33
2026-09-25,flc-002,FEELLIFE,老眼鏡,flc-002-1-25,25,0,20,0,13,0,6
2026-09-25,flc-002,FEELLIFE,老眼鏡,flc-002-1-30,30,0,20,0,5,0,3
2026-09-25,flc-002,FEELLIFE,老眼鏡,flc-002-2-10,10,0,20,0,0,0,56
2026-09-25,flc-002,FEELLIFE,老眼鏡,flc-002-2-15,15,0,20,0,0,0,134
2026-09-25,flc-002,FEELLIFE,老眼鏡,flc-002-2-20,20,0,21,0,4,0,197
2026-09-25,flc-002,FEELLIFE,老眼鏡,flc-002-2-25,25,0,20,0,11,0,23
2026-09-25,flc-002,FEELLIFE,老眼鏡,flc-002-2-30,30,0,19,0,5,0,36
2026-09-25,flh-001ph,FEELLIFE,調光老眼鏡,flh-001ph-1-10,10,0,20,0,23,0,28
2026-09-25,flh-001ph,FEELLIFE,調光老眼鏡,flh-001ph-1-15,15,0,19,0,10,0,30
2026-09-25,flh-001ph,FEELLIFE,調光老眼鏡,flh-001ph-1-20,20,0,20,0,11,0,41
2026-09-25,flh-001ph,FEELLIFE,調光老眼鏡,flh-001ph-2-10,10,0,20,0,26,0,35
2026-09-25,flh-001ph,FEELLIFE,調光老眼鏡,flh-001ph-2-15,15,0,18,0,10,0,23
2026-09-25,flh-001ph,FEELLIFE,調光老眼鏡,flh-001ph-2-20,20,0,20,0,9,0,25
2026-09-25,flk-001,FEELLIFE,老眼鏡,flk-001-1-10,10,0,7,0,0,0,0
2026-09-25,flk-001,FEELLIFE,老眼鏡,flk-001-1-15,15,0,0,0,0,0,0
2026-09-25,flk-001,FEELLIFE,老眼鏡,flk-001-1-20,20,0,1,0,0,0,0
2026-09-25,flk-001,FEELLIFE,老眼鏡,flk-001-1-25,25,0,5,0,0,0,0
2026-09-25,flk-001,FEELLIFE,老眼鏡,flk-001-2-10,10,0,7,0,0,0,0
2026-09-25,flk-001,FEELLIFE,老眼鏡,flk-001-2-15,15,0,0,0,0,0,0
2026-09-25,flk-001,FEELLIFE,老眼鏡,flk-001-2-20,20,0,0,0,0,0,0
2026-09-25,flk-001,FEELLIFE,老眼鏡,flk-001-2-25,25,0,4,0,0,0,0
2026-09-25,flk-001,FEELLIFE,老眼鏡,flk-001-3-10,10,0,12,14,0,0,0
2026-09-25,flk-001,FEELLIFE,老眼鏡,flk-001-3-15,15,0,7,0,0,0,0
2026-09-25,flk-001,FEELLIFE,老眼鏡,flk-001-3-20,20,0,10,0,0,0,0
2026-09-25,flk-001,FEELLIFE,老眼鏡,flk-001-3-25,25,0,9,0,0,0,0
2026-09-25,fll-006,FEELLIFE,老眼鏡,fll-006-1-10,10,0,10,0,1,0,0
2026-09-25,fll-006,FEELLIFE,老眼鏡,fll-006-1-15,15,0,14,0,6,0,16
2026-09-25,fll-006,FEELLIFE,老眼鏡,fll-006-1-20,20,0,15,0,9,0,12
2026-09-25,fll-006,FEELLIFE,老眼鏡,fll-006-1-25,25,0,14,0,10,0,91
2026-09-25,fll-006,FEELLIFE,老眼鏡,fll-006-1-30,30,0,12,0,8,0,30
2026-09-25,fll-006,FEELLIFE,老眼鏡,fll-006-2-10,10,0,14,0,6,0,24
2026-09-25,fll-006,FEELLIFE,老眼鏡,fll-006-2-15,15,0,13,0,0,0,29
2026-09-25,fll-006,FEELLIFE,老眼鏡,fll-006-2-20,20,0,16,0,0,0,9
2026-09-25,fll-006,FEELLIFE,老眼鏡,fll-006-2-25,25,0,15,0,6,0,15
2026-09-25,fll-006,FEELLIFE,老眼鏡,fll-006-2-30,30,0,13,0,6,0,11
2026-09-25,fll-3000,FEELLIFE,老眼鏡,fll-3000-1-05,5,0,15,0,12,0,11
2026-09-25,fll-3000,FEELLIFE,老眼鏡,fll-3000-1-10,10,0,15,0,7,0,0
2026-09-25,fll-3000,FEELLIFE,老眼鏡,fll-3000-1-15,15,0,18,0,8,0,7
2026-09-25,fll-3000,FEELLIFE,老眼鏡,fll-3000-1-20,20,0,19,0,0,0,0
2026-09-25,fll-3000,FEELLIFE,老眼鏡,fll-3000-1-25,25,0,16,0,0,0,0
2026-09-25,fll-3000,FEELLIFE,老眼鏡,fll-3000-2-05,5,0,14,0,7,0,98
2026-09-25,fll-3000,FEELLIFE,老眼鏡,fll-3000-2-10,10,0,15,0,8,0,12
2026-09-25,fll-3000,FEELLIFE,老眼鏡,fll-3000-2-15,15,0,18,0,5,0,42
2026-09-25,fll-3000,FEELLIFE,老眼鏡,fll-3000-2-20,20,0,17,0,0,0,0
2026-09-25,fll-3000,FEELLIFE,老眼鏡,fll-3000-2-25,25,0,14,0,0,0,0
2026-09-25,fll-3004,FEELLIFE,老眼鏡,fll-3004-1-05,5,0,14,0,10,0,37
2026-09-25,fll-3004,FEELLIFE,老眼鏡,fll-3004-1-10,10,0,15,0,11,0,42
2026-09-25,fll-3004,FEELLIFE,老眼鏡,fll-3004-1-15,15,0,15,0,11,0,51
2026-09-25,fll-3004,FEELLIFE,老眼鏡,fll-3004-1-20,20,0,15,0,15,0,0
2026-09-25,fll-3004,FEELLIFE,老眼鏡,fll-3004-1-25,25,0,18,0,27,0,12
2026-09-25,fll-3004,FEELLIFE,老眼鏡,fll-3004-2-05,5,0,14,0,3,0,29
2026-09-25,fll-3004,FEELLIFE,老眼鏡,fll-3004-2-10,10,0,25,0,2,0,10
2026-09-25,fll-3004,FEELLIFE,老眼鏡,fll-3004-2-15,15,0,14,0,9,0,0
2026-09-25,fll-3004,FEELLIFE,老眼鏡,fll-3004-2-20,20,0,15,0,1,0,0
2026-09-25,fll-3004,FEELLIFE,老眼鏡,fll-3004-2-25,25,0,15,0,8,0,45
2026-09-25,fll-3004,FEELLIFE,老眼鏡,fll-3004-3-05,5,0,15,0,6,0,22
2026-09-25,fll-3004,FEELLIFE,老眼鏡,fll-3004-3-10,10,0,15,0,8,0,36
2026-09-25,fll-3004,FEELLIFE,老眼鏡,fll-3004-3-15,15,0,14,0,6,0,0
2026-09-25,fll-3004,FEELLIFE,老眼鏡,fll-3004-3-20,20,0,14,0,8,7,0
2026-09-25,fll-3004,FEELLIFE,老眼鏡,fll-3004-3-25,25,0,15,0,10,0,25
2026-09-25,fll-4000,FEELLIFE,老眼鏡,fll-4000-1-05,5,0,0,8,0,0,0
2026-09-25,fll-4000,FEELLIFE,老眼鏡,fll-4000-1-10,10,5,0,4,0,0,0
2026-09-25,fll-4000,FEELLIFE,老眼鏡,fll-4000-1-15,15,6,0,14,0,0,2
2026-09-25,fll-4000,FEELLIFE,老眼鏡,fll-4000-1-20,20,5,0,7,0,5,0
2026-09-25,fll-4000,FEELLIFE,老眼鏡,fll-4000-1-25,25,1,0,14,0,0,0
2026-09-25,fll-4000,FEELLIFE,老眼鏡,fll-4000-2-05,5,11,0,15,0,0,27
2026-09-25,fll-4000,FEELLIFE,老眼鏡,fll-4000-2-10,10,6,0,11,0,0,0
2026-09-25,fll-4000,FEELLIFE,老眼鏡,fll-4000-2-15,15,3,0,15,0,0,5
2026-09-25,fll-4000,FEELLIFE,老眼鏡,fll-4000-2-20,20,3,0,5,0,0,0
2026-09-25,fll-4000,FEELLIFE,老眼鏡,fll-4000-2-25,25,4,0,7,0,0,0
2026-09-25,fll-4000,FEELLIFE,老眼鏡,fll-4000-3-05,5,7,0,15,0,0,8
2026-09-25,fll-4000,FEELLIFE,老眼鏡,fll-4000-3-10,10,6,0,1,0,0,0
2026-09-25,fll-4000,FEELLIFE,老眼鏡,fll-4000-3-15,15,4,0,9,0,0,0
2026-09-25,fll-4000,FEELLIFE,老眼鏡,fll-4000-3-20,20,5,0,1,0,0,0
2026-09-25,fll-4000,FEELLIFE,老眼鏡,fll-4000-3-25,25,3,0,14,0,0,2
2026-09-25,flm-001,FEELLIFE,老眼鏡,flm-001-1-10,10,0,20,0,6,0,11
2026-09-25,flm-001,FEELLIFE,老眼鏡,flm-001-1-15,15,0,18,0,9,0,136
2026-09-25,flm-001,FEELLIFE,老眼鏡,flm-001-1-20,20,0,22,0,8,0,45
2026-09-25,flm-001,FEELLIFE,老眼鏡,flm-001-1-25,25,0,21,0,6,0,35
2026-09-25,flm-001,FEELLIFE,老眼鏡,flm-001-1-30,30,0,20,0,6,0,0
2026-09-25,flm-001,FEELLIFE,老眼鏡,flm-001-2-10,10,0,20,0,10,0,0
2026-09-25,flm-001,FEELLIFE,老眼鏡,flm-001-2-15,15,0,17,0,10,0,94
2026-09-25,flm-001,FEELLIFE,老眼鏡,flm-001-2-20,20,0,23,0,10,0,67
2026-09-25,flm-001,FEELLIFE,老眼鏡,flm-001-2-25,25,0,23,0,11,0,7
2026-09-25,flm-001,FEELLIFE,老眼鏡,flm-001-2-30,30,0,23,0,7,0,4
2026-09-25,flm-002,FEELLIFE,老眼鏡,flm-002-1-10,10,0,25,0,6,0,69
2026-09-25,flm-002,FEELLIFE,老眼鏡,flm-002-1-15,15,0,24,0,12,0,75
2026-09-25,flm-002,FEELLIFE,老眼鏡,flm-002-1-20,20,0,24,0,11,0,29
2026-09-25,flm-002,FEELLIFE,老眼鏡,flm-002-1-25,25,0,25,0,8,0,16
2026-09-25,flm-002,FEELLIFE,老眼鏡,flm-002-1-30,30,0,9,0,3,0,0
2026-09-25,flm-002,FEELLIFE,老眼鏡,flm-002-2-10,10,0,23,0,10,1,53
2026-09-25,flm-002,FEELLIFE,老眼鏡,flm-002-2-15,15,0,27,0,11,0,37
2026-09-25,flm-002,FEELLIFE,老眼鏡,flm-002-2-20,20,0,25,0,8,0,77
2026-09-25,flm-002,FEELLIFE,老眼鏡,flm-002-2-25,25,0,23,0,7,0,0
2026-09-25,flm-002,FEELLIFE,老眼鏡,flm-002-2-30,30,0,26,0,6,0,0
2026-09-25,flm-006,FEELLIFE,老眼鏡,flm-006-1-10,10,0,24,0,4,0,45
2026-09-25,flm-006,FEELLIFE,老眼鏡,flm-006-1-15,15,0,23,0,3,0,37
2026-09-25,flm-006,FEELLIFE,老眼鏡,flm-006-1-20,20,0,24,0,8,0,56
2026-09-25,flm-006,FEELLIFE,老眼鏡,flm-006-1-25,25,0,17,0,5,0,0
2026-09-25,flm-006,FEELLIFE,老眼鏡,flm-006-1-30,30,0,19,0,7,0,0
2026-09-25,flm-006,FEELLIFE,老眼鏡,flm-006-2-10,10,0,21,0,8,0,5
2026-09-25,flm-006,FEELLIFE,老眼鏡,flm-006-2-15,15,0,25,0,6,0,60
2026-09-25,flm-006,FEELLIFE,老眼鏡,flm-006-2-20,20,0,23,0,5,0,43
2026-09-25,flm-006,FEELLIFE,老眼鏡,flm-006-2-25,25,0,18,0,0,0,0
2026-09-25,flm-006,FEELLIFE,老眼鏡,flm-006-2-30,30,0,9,0,0,0,0
2026-09-25,flw-001,FEELLIFE,調光サングラス,flw-001-002-1,,0,20,14,0,0,0
2026-09-25,flw-001,FEELLIFE,調光サングラス,flw-001-002-2,,0,20,19,0,0,0
2026-09-25,flw-001,FEELLIFE,調光サングラス,flw-001-002-3,,0,18,19,0,0,0
2026-09-25,flw-001,FEELLIFE,調光サングラス,flw-001-002-4,,0,20,20,0,0,0
2026-09-25,flw-002,FEELLIFE,調光サングラス,flw-001-002-1a,,0,0,0,0,0,0
2026-09-25,flw-002,FEELLIFE,調光サングラス,flw-001-002-2a,,0,0,0,0,0,0
2026-09-25,flw-002,FEELLIFE,調光サングラス,flw-001-002-3a,,0,0,0,0,0,0
2026-09-25,flw-002,FEELLIFE,調光サングラス,flw-001-002-4a,,0,20,18,0,0,0
2026-09-25,ph5099,GGeyewear,調光サングラス,ph5099-1,,0,20,14,0,0,0
2026-09-25,ph5099,GGeyewear,調光サングラス,ph5099-2,,0,21,15,0,0,0
2026-09-25,ph5099,GGeyewear,調光サングラス,ph5099-12,,0,16,14,0,0,0
2026-09-25,si-01sap,SHIORI,老眼鏡,si-01sa-1-15,15,0,9,15,0,0,0
2026-09-25,si-01sap,SHIORI,老眼鏡,si-01sa-1-20,20,0,14,13,0,0,0
2026-09-25,si-01sap,SHIORI,老眼鏡,si-01sa-1-25,25,0,0,7,0,0,0
2026-09-25,si-01sap,SHIORI,老眼鏡,si-01sa-1-30,30,0,9,5,0,0,0
2026-09-25,si-01sap,SHIORI,老眼鏡,si-01sa-2-15,15,0,17,15,0,0,0
2026-09-25,si-01sap,SHIORI,老眼鏡,si-01sa-2-20,20,0,17,15,0,0,0
2026-09-25,si-01sap,SHIORI,老眼鏡,si-01sa-2-25,25,0,0,0,0,0,0
2026-09-25,si-01sap,SHIORI,老眼鏡,si-01sa-2-30,30,0,0,1,0,0,0
2026-09-25,si-01sap,SHIORI,老眼鏡,si-01sa-3-15,15,0,14,15,0,0,0
2026-09-25,si-01sap,SHIORI,老眼鏡,si-01sa-3-20,20,0,13,6,0,0,0
2026-09-25,si-01sap,SHIORI,老眼鏡,si-01sa-3-25,25,0,5,0,0,0,0
2026-09-25,si-01sap,SHIORI,老眼鏡,si-01sa-3-30,30,0,14,2,0,0,0
2026-09-25,si-07,SHIORI,老眼鏡,si-07-1-15,15,0,14,9,0,0,0
2026-09-25,si-07,SHIORI,老眼鏡,si-07-1-20,20,0,12,10,0,0,0
2026-09-25,si-07,SHIORI,老眼鏡,si-07-1-25,25,0,16,10,0,0,0
2026-09-25,si-07,SHIORI,老眼鏡,si-07-1-30,30,0,16,9,0,0,0
2026-09-25,si-07,SHIORI,老眼鏡,si-07-2-15,15,0,15,9,0,1,0
2026-09-25,si-07,SHIORI,老眼鏡,si-07-2-20,20,0,16,9,0,0,0
2026-09-25,si-07,SHIORI,老眼鏡,si-07-2-25,25,0,35,9,0,0,0
2026-09-25,si-07,SHIORI,老眼鏡,si-07-2-30,30,0,14,10,0,0,0
2026-09-25,si-08r,SHIORI,老眼鏡,si-08r-1-15,15,0,20,9,0,0,5
2026-09-25,si-08r,SHIORI,老眼鏡,si-08r-1-20,20,0,15,9,0,0,4
2026-09-25,si-08r,SHIORI,老眼鏡,si-08r-1-25,25,0,10,6,0,0,0
2026-09-25,si-08r,SHIORI,老眼鏡,si-08r-2-15,15,0,14,15,0,0,43
2026-09-25,si-08r,SHIORI,老眼鏡,si-08r-2-20,20,0,15,13,0,0,34
2026-09-25,si-08r,SHIORI,老眼鏡,si-08r-2-25,25,0,15,12,0,0,26
2026-09-25,si-08r,SHIORI,老眼鏡,si-08r-3-15,15,0,29,10,0,0,9
2026-09-25,si-08r,SHIORI,老眼鏡,si-08r-3-20,20,0,17,9,0,0,39
2026-09-25,si-08r,SHIORI,老眼鏡,si-08r-3-25,25,0,14,9,0,0,11
2026-09-25,si-09,SHIORI,老眼鏡,si-09-1-15,15,0,17,9,0,0,0
2026-09-25,si-09,SHIORI,老眼鏡,si-09-1-20,20,0,0,11,0,0,0
2026-09-25,si-09,SHIORI,老眼鏡,si-09-1-25,25,0,20,10,0,13,13
2026-09-25,si-09,SHIORI,老眼鏡,si-09-1-30,30,0,19,11,0,0,13
2026-09-25,si-09,SHIORI,老眼鏡,si-09-2-15,15,0,15,10,0,0,4
2026-09-25,si-09,SHIORI,老眼鏡,si-09-2-20,20,0,0,2,0,0,0
2026-09-25,si-09,SHIORI,老眼鏡,si-09-2-25,25,0,18,0,0,0,0
2026-09-25,si-09,SHIORI,老眼鏡,si-09-2-30,30,0,9,13,0,0,0
2026-09-25,si-09,SHIORI,老眼鏡,si-09-3-15,15,0,15,10,0,0,0
2026-09-25,si-09,SHIORI,老眼鏡,si-09-3-20,20,0,13,11,0,0,20
2026-09-25,si-09,SHIORI,老眼鏡,si-09-3-25,25,0,13,9,0,0,26
2026-09-25,si-09,SHIORI,老眼鏡,si-09-3-30,30,0,2,9,0,0,0
2026-09-25,si-10,SHIORI,老眼鏡,si-10-1-15,15,0,14,9,0,0,68
2026-09-25,si-10,SHIORI,老眼鏡,si-10-1-20,20,0,14,9,0,0,10
2026-09-25,si-10,SHIORI,老眼鏡,si-10-1-25,25,0,12,13,0,0,0
2026-09-25,si-10,SHIORI,老眼鏡,si-10-1-30,30,0,15,6,0,0,0
2026-09-25,si-10,SHIORI,老眼鏡,si-10-2-15,15,0,14,12,0,0,33
2026-09-25,si-10,SHIORI,老眼鏡,si-10-2-20,20,0,14,12,0,0,2
2026-09-25,si-10,SHIORI,老眼鏡,si-10-2-25,25,0,18,10,0,0,1
2026-09-25,si-10,SHIORI,老眼鏡,si-10-2-30,30,0,10,2,0,0,0
2026-09-25,si-10,SHIORI,老眼鏡,si-10-3-15,15,0,15,9,0,0,2
2026-09-25,si-10,SHIORI,老眼鏡,si-10-3-20,20,0,13,9,0,0,1
2026-09-25,si-10,SHIORI,老眼鏡,si-10-3-25,25,0,12,9,0,0,0
2026-09-25,si-10,SHIORI,老眼鏡,si-10-3-30,30,0,15,6,0,0,0
2026-09-25,si-10,SHIORI,老眼鏡,si-10-4-15,15,0,14,10,0,0,22
2026-09-25,si-10,SHIORI,老眼鏡,si-10-4-20,20,0,8,11,0,0,0
2026-09-25,si-10,SHIORI,老眼鏡,si-10-4-25,25,0,17,11,0,0,2
2026-09-25,si-10,SHIORI,老眼鏡,si-10-4-30,30,0,9,8,0,0,0
2026-09-25,si-11,SHIORI,老眼鏡,si-11-1-10,10,0,14,9,0,0,27
2026-09-25,si-11,SHIORI,老眼鏡,si-11-1-15,15,0,9,0,0,0,0
2026-09-25,si-11,SHIORI,老眼鏡,si-11-1-20,20,0,21,10,0,0,64
2026-09-25,si-11,SHIORI,老眼鏡,si-11-1-25,25,0,14,12,0,0,32
2026-09-25,si-11,SHIORI,老眼鏡,si-11-2-10,10,0,13,6,0,0,0
2026-09-25,si-11,SHIORI,老眼鏡,si-11-2-15,15,0,0,0,0,0,0
2026-09-25,si-11,SHIORI,老眼鏡,si-11-2-20,20,0,18,0,0,1,0
2026-09-25,si-11,SHIORI,老眼鏡,si-11-2-25,25,0,19,9,0,0,2
2026-09-25,si-11,SHIORI,老眼鏡,si-11-3-10,10,0,16,9,0,1,8
2026-09-25,si-11,SHIORI,老眼鏡,si-11-3-15,15,0,1,0,0,2,0
2026-09-25,si-11,SHIORI,老眼鏡,si-11-3-20,20,0,13,6,0,0,0
2026-09-25,si-11,SHIORI,老眼鏡,si-11-3-25,25,0,13,13,0,0,12
2026-09-25,si-13,SHIORI,老眼鏡,si-13-1-15,15,0,18,13,0,0,32
2026-09-25,si-13,SHIORI,老眼鏡,si-13-1-20,20,0,15,15,0,0,23
2026-09-25,si-13,SHIORI,老眼鏡,si-13-1-25,25,0,17,15,0,0,46
2026-09-25,si-13,SHIORI,老眼鏡,si-13-1-30,30,0,20,15,0,0,26
2026-09-25,si-13,SHIORI,老眼鏡,si-13-2-15,15,0,14,14,0,0,15
2026-09-25,si-13,SHIORI,老眼鏡,si-13-2-20,20,0,16,15,0,0,31
2026-09-25,si-13,SHIORI,老眼鏡,si-13-2-25,25,0,18,15,0,0,43
2026-09-25,si-13,SHIORI,老眼鏡,si-13-2-30,30,0,20,15,0,0,2
2026-09-25,si-13,SHIORI,老眼鏡,si-13-3-15,15,0,19,15,0,0,13
2026-09-25,si-13,SHIORI,老眼鏡,si-13-3-20,20,0,20,14,0,18,31
2026-09-25,si-13,SHIORI,老眼鏡,si-13-3-25,25,0,17,15,0,0,45
2026-09-25,si-13,SHIORI,老眼鏡,si-13-3-30,30,0,17,14,0,0,18
2026-09-25,si-13ph,SHIORI,調光老眼鏡,si-13ph-1-10,10,0,10,10,0,0,0
2026-09-25,si-13ph,SHIORI,調光老眼鏡,si-13ph-1-15,15,0,13,15,0,0,34
2026-09-25,si-13ph,SHIORI,調光老眼鏡,si-13ph-1-20,20,0,14,15,0,0,5
2026-09-25,si-13ph,SHIORI,調光老眼鏡,si-13ph-2-10,10,0,14,15,0,0,3
2026-09-25,si-13ph,SHIORI,調光老眼鏡,si-13ph-2-15,15,0,15,14,0,0,21
2026-09-25,si-13ph,SHIORI,調光老眼鏡,si-13ph-2-20,20,0,9,15,0,0,0
2026-09-25,si-13ph,SHIORI,調光老眼鏡,si-13ph-3-10,10,0,3,12,0,0,0
2026-09-25,si-13ph,SHIORI,調光老眼鏡,si-13ph-3-15,15,0,14,15,0,0,19
2026-09-25,si-13ph,SHIORI,調光老眼鏡,si-13ph-3-20,20,0,13,11,0,0,0
2026-09-25,spc-006,SPC,老眼鏡,spc-006-1-10,10,0,9,0,41,0,0
2026-09-25,spc-006,SPC,老眼鏡,spc-006-1-15,15,0,13,0,12,0,0
2026-09-25,spc-006,SPC,老眼鏡,spc-006-1-20,20,0,15,0,14,0,0
2026-09-25,spc-006,SPC,老眼鏡,spc-006-1-25,25,0,18,0,8,0,0
2026-09-25,spc-006,SPC,老眼鏡,spc-006-2-10,10,0,0,0,11,0,0
2026-09-25,spc-006,SPC,老眼鏡,spc-006-2-15,15,0,0,0,21,0,0
2026-09-25,spc-006,SPC,老眼鏡,spc-006-2-20,20,0,0,0,12,0,0
2026-09-25,spc-006,SPC,老眼鏡,spc-006-2-25,25,0,0,0,0,0,0
2026-09-25,spc-006,SPC,老眼鏡,spc-006-3-10,10,0,0,0,0,0,1
2026-09-25,spc-006,SPC,老眼鏡,spc-006-3-15,15,0,0,0,3,0,2
2026-09-25,spc-006,SPC,老眼鏡,spc-006-3-20,20,0,0,0,5,0,2
2026-09-25,spc-006,SPC,老眼鏡,spc-006-3-25,25,0,0,0,6,0,4
2026-09-25,spc-007,SPC,老眼鏡,spc-007-2-10,10,0,12,0,10,0,31
2026-09-25,spc-007,SPC,老眼鏡,spc-007-2-15,15,0,10,0,14,0,49
2026-09-25,spc-007,SPC,老眼鏡,spc-007-2-20,20,0,7,0,8,0,9
2026-09-25,spc-007,SPC,老眼鏡,spc-007-2-25,25,0,0,0,0,0,0
2026-09-25,spc-007,SPC,老眼鏡,spc-007-3-10,10,0,0,0,48,0,13
2026-09-25,spc-007,SPC,老眼鏡,spc-007-3-15,15,0,0,0,70,0,16
2026-09-25,spc-007,SPC,老眼鏡,spc-007-3-20,20,0,0,0,53,0,1
2026-09-25,spc-007,SPC,老眼鏡,spc-007-3-25,25,0,0,0,44,0,10
2026-09-28,fisi-05,SHIORI,老眼鏡,fisi-05-1-10,10,0,26,11,0,0,0
2026-09-28,fisi-05,SHIORI,老眼鏡,fisi-05-1-15,15,0,23,15,0,0,78
2026-09-28,fisi-05,SHIORI,老眼鏡,fisi-05-1-20,20,0,28,14,0,0,79
2026-09-28,fisi-05,SHIORI,老眼鏡,fisi-05-1-25,25,0,26,15,0,0,25
2026-09-28,fisi-05,SHIORI,老眼鏡,fisi-05-1-30,30,0,10,14,0,0,0
2026-09-28,fisi-05,SHIORI,老眼鏡,fisi-05-2-10,10,0,28,14,0,0,5
2026-09-28,fisi-05,SHIORI,老眼鏡,fisi-05-2-15,15,0,19,15,0,0,34
2026-09-28,fisi-05,SHIORI,老眼鏡,fisi-05-2-20,20,0,14,15,0,0,109
2026-09-28,fisi-05,SHIORI,老眼鏡,fisi-05-2-25,25,0,26,15,0,0,8
2026-09-28,fisi-05,SHIORI,老眼鏡,fisi-05-2-30,30,0,0,4,0,0,0
2026-09-28,fisi-05,SHIORI,老眼鏡,fisi-05-3-10,10,0,3,14,0,0,0
2026-09-28,fisi-05,SHIORI,老眼鏡,fisi-05-3-15,15,0,0,10,0,0,0
2026-09-28,fisi-05,SHIORI,老眼鏡,fisi-05-3-20,20,0,0,11,0,0,0
2026-09-28,fisi-05,SHIORI,老眼鏡,fisi-05-3-25,25,0,0,12,0,0,0
2026-09-28,fisi-05,SHIORI,老眼鏡,fisi-05-3-30,30,0,1,4,0,0,0
2026-09-28,fisi-05,SHIORI,老眼鏡,fisi-05-4-10,10,0,25,14,0,0,77
2026-09-28,fisi-05,SHIORI,老眼鏡,fisi-05-4-15,15,0,25,14,0,0,87
2026-09-28,fisi-05,SHIORI,老眼鏡,fisi-05-4-20,20,0,28,14,0,0,21
2026-09-28,fisi-05,SHIORI,老眼鏡,fisi-05-4-25,25,0,23,12,0,0,0
2026-09-28,fisi-05,SHIORI,老眼鏡,fisi-05-4-30,30,0,22,13,0,0,0
2026-09-28,fl-3000,FEELLIFE,調光老眼鏡,fl-3000-1-05,5,0,19,9,0,0,0
2026-09-28,fl-3000,FEELLIFE,調光老眼鏡,fl-3000-1-10,10,0,18,2,0,0,0
2026-09-28,fl-3000,FEELLIFE,調光老眼鏡,fl-3000-1-15,15,0,18,16,0,0,0
2026-09-28,fl-3000,FEELLIFE,調光老眼鏡,fl-3000-1-20,20,0,20,8,0,0,0
2026-09-28,fl-3000,FEELLIFE,調光老眼鏡,fl-3000-1-25,25,0,6,6,0,0,0
2026-09-28,fl-3000,FEELLIFE,調光老眼鏡,fl-3000-2-05,5,0,4,0,0,0,0
2026-09-28,fl-3000,FEELLIFE,調光老眼鏡,fl-3000-2-10,10,0,20,0,0,0,0
2026-09-28,fl-3000,FEELLIFE,調光老眼鏡,fl-3000-2-15,15,0,19,10,0,0,0
2026-09-28,fl-3000,FEELLIFE,調光老眼鏡,fl-3000-2-20,20,0,19,7,0,0,0
2026-09-28,fl-3000,FEELLIFE,調光老眼鏡,fl-3000-2-25,25,0,5,0,0,0,0
2026-09-28,fl-3000,FEELLIFE,調光老眼鏡,fl-3000-3-05,5,0,19,14,0,0,0
2026-09-28,fl-3000,FEELLIFE,調光老眼鏡,fl-3000-3-10,10,0,15,0,0,0,0
2026-09-28,fl-3000,FEELLIFE,調光老眼鏡,fl-3000-3-15,15,0,15,0,0,0,0
2026-09-28,fl-3000,FEELLIFE,調光老眼鏡,fl-3000-3-20,20,0,6,0,0,0,0
2026-09-28,fl-3000,FEELLIFE,調光老眼鏡,fl-3000-3-25,25,0,4,1,0,0,0
2026-09-28,flc-002,FEELLIFE,老眼鏡,flc-002-1-10,10,0,13,0,0,0,0
2026-09-28,flc-002,FEELLIFE,老眼鏡,flc-002-1-15,15,0,20,0,0,0,15
2026-09-28,flc-002,FEELLIFE,老眼鏡,flc-002-1-20,20,0,20,0,1,0,33
2026-09-28,flc-002,FEELLIFE,老眼鏡,flc-002-1-25,25,0,20,0,13,0,6
2026-09-28,flc-002,FEELLIFE,老眼鏡,flc-002-1-30,30,0,20,0,4,0,2
2026-09-28,flc-002,FEELLIFE,老眼鏡,flc-002-2-10,10,0,20,0,0,0,56
2026-09-28,flc-002,FEELLIFE,老眼鏡,flc-002-2-15,15,0,19,0,0,0,134
2026-09-28,flc-002,FEELLIFE,老眼鏡,flc-002-2-20,20,0,21,0,2,0,197
2026-09-28,flc-002,FEELLIFE,老眼鏡,flc-002-2-25,25,0,20,0,11,0,23
2026-09-28,flc-002,FEELLIFE,老眼鏡,flc-002-2-30,30,0,19,0,5,0,36
2026-09-28,flh-001ph,FEELLIFE,調光老眼鏡,flh-001ph-1-10,10,0,20,0,23,0,28
2026-09-28,flh-001ph,FEELLIFE,調光老眼鏡,flh-001ph-1-15,15,0,18,0,10,0,30
2026-09-28,flh-001ph,FEELLIFE,調光老眼鏡,flh-001ph-1-20,20,0,20,0,11,0,41
2026-09-28,flh-001ph,FEELLIFE,調光老眼鏡,flh-001ph-2-10,10,0,20,0,26,0,35
2026-09-28,flh-001ph,FEELLIFE,調光老眼鏡,flh-001ph-2-15,15,0,18,0,10,0,23
2026-09-28,flh-001ph,FEELLIFE,調光老眼鏡,flh-001ph-2-20,20,0,20,0,9,0,25
2026-09-28,flk-001,FEELLIFE,老眼鏡,flk-001-1-10,10,0,7,0,0,0,0
2026-09-28,flk-001,FEELLIFE,老眼鏡,flk-001-1-15,15,0,0,0,0,0,0
2026-09-28,flk-001,FEELLIFE,老眼鏡,flk-001-1-20,20,0,0,0,0,0,0
2026-09-28,flk-001,FEELLIFE,老眼鏡,flk-001-1-25,25,0,5,0,0,0,0
2026-09-28,flk-001,FEELLIFE,老眼鏡,flk-001-2-10,10,0,6,0,0,0,0
2026-09-28,flk-001,FEELLIFE,老眼鏡,flk-001-2-15,15,0,0,0,0,0,0
2026-09-28,flk-001,FEELLIFE,老眼鏡,flk-001-2-20,20,0,0,0,0,0,0
2026-09-28,flk-001,FEELLIFE,老眼鏡,flk-001-2-25,25,0,4,0,0,0,0
2026-09-28,flk-001,FEELLIFE,老眼鏡,flk-001-3-10,10,0,12,14,0,0,0
2026-09-28,flk-001,FEELLIFE,老眼鏡,flk-001-3-15,15,0,7,0,0,0,0
2026-09-28,flk-001,FEELLIFE,老眼鏡,flk-001-3-20,20,0,10,0,0,0,0
2026-09-28,flk-001,FEELLIFE,老眼鏡,flk-001-3-25,25,0,9,0,0,0,0
2026-09-28,fll-006,FEELLIFE,老眼鏡,fll-006-1-10,10,0,10,0,1,0,0
2026-09-28,fll-006,FEELLIFE,老眼鏡,fll-006-1-15,15,0,14,0,6,0,16
2026-09-28,fll-006,FEELLIFE,老眼鏡,fll-006-1-20,20,0,15,0,7,0,12
2026-09-28,fll-006,FEELLIFE,老眼鏡,fll-006-1-25,25,0,14,0,9,0,91
2026-09-28,fll-006,FEELLIFE,老眼鏡,fll-006-1-30,30,0,11,0,8,0,30
2026-09-28,fll-006,FEELLIFE,老眼鏡,fll-006-2-10,10,0,14,0,5,0,24
2026-09-28,fll-006,FEELLIFE,老眼鏡,fll-006-2-15,15,0,13,0,0,0,29
2026-09-28,fll-006,FEELLIFE,老眼鏡,fll-006-2-20,20,0,16,0,0,0,9
2026-09-28,fll-006,FEELLIFE,老眼鏡,fll-006-2-25,25,0,15,0,6,0,15
2026-09-28,fll-006,FEELLIFE,老眼鏡,fll-006-2-30,30,0,13,0,6,0,11
2026-09-28,fll-3000,FEELLIFE,老眼鏡,fll-3000-1-05,5,0,15,0,11,0,11
2026-09-28,fll-3000,FEELLIFE,老眼鏡,fll-3000-1-10,10,0,15,0,6,0,0
2026-09-28,fll-3000,FEELLIFE,老眼鏡,fll-3000-1-15,15,0,18,0,7,0,7
2026-09-28,fll-3000,FEELLIFE,老眼鏡,fll-3000-1-20,20,0,19,0,0,0,0
2026-09-28,fll-3000,FEELLIFE,老眼鏡,fll-3000-1-25,25,0,16,0,0,0,0
2026-09-28,fll-3000,FEELLIFE,老眼鏡,fll-3000-2-05,5,0,14,0,7,0,98
2026-09-28,fll-3000,FEELLIFE,老眼鏡,fll-3000-2-10,10,0,15,0,8,0,12
2026-09-28,fll-3000,FEELLIFE,老眼鏡,fll-3000-2-15,15,0,18,0,3,0,42
2026-09-28,fll-3000,FEELLIFE,老眼鏡,fll-3000-2-20,20,0,17,0,0,0,0
2026-09-28,fll-3000,FEELLIFE,老眼鏡,fll-3000-2-25,25,0,14,0,0,0,0
2026-09-28,fll-3004,FEELLIFE,老眼鏡,fll-3004-1-05,5,0,14,0,10,0,37
2026-09-28,fll-3004,FEELLIFE,老眼鏡,fll-3004-1-10,10,0,15,0,11,0,42
2026-09-28,fll-3004,FEELLIFE,老眼鏡,fll-3004-1-15,15,0,15,0,11,0,51
2026-09-28,fll-3004,FEELLIFE,老眼鏡,fll-3004-1-20,20,0,15,0,15,0,0
2026-09-28,fll-3004,FEELLIFE,老眼鏡,fll-3004-1-25,25,0,18,0,27,0,12
2026-09-28,fll-3004,FEELLIFE,老眼鏡,fll-3004-2-05,5,0,14,0,1,0,29
2026-09-28,fll-3004,FEELLIFE,老眼鏡,fll-3004-2-10,10,0,25,0,0,0,10
2026-09-28,fll-3004,FEELLIFE,老眼鏡,fll-3004-2-15,15,0,14,0,9,0,0
2026-09-28,fll-3004,FEELLIFE,老眼鏡,fll-3004-2-20,20,0,15,0,0,0,0
2026-09-28,fll-3004,FEELLIFE,老眼鏡,fll-3004-2-25,25,0,15,0,7,0,45
2026-09-28,fll-3004,FEELLIFE,老眼鏡,fll-3004-3-05,5,0,15,0,5,0,22
2026-09-28,fll-3004,FEELLIFE,老眼鏡,fll-3004-3-10,10,0,15,0,5,0,36
2026-09-28,fll-3004,FEELLIFE,老眼鏡,fll-3004-3-15,15,0,14,0,4,0,0
2026-09-28,fll-3004,FEELLIFE,老眼鏡,fll-3004-3-20,20,0,14,0,7,7,0
2026-09-28,fll-3004,FEELLIFE,老眼鏡,fll-3004-3-25,25,0,15,0,9,0,25
2026-09-28,fll-4000,FEELLIFE,老眼鏡,fll-4000-1-05,5,0,0,5,0,0,0
2026-09-28,fll-4000,FEELLIFE,老眼鏡,fll-4000-1-10,10,5,0,2,0,0,0
2026-09-28,fll-4000,FEELLIFE,老眼鏡,fll-4000-1-15,15,6,0,14,0,0,0
2026-09-28,fll-4000,FEELLIFE,老眼鏡,fll-4000-1-20,20,5,0,7,0,5,0
2026-09-28,fll-4000,FEELLIFE,老眼鏡,fll-4000-1-25,25,1,0,14,0,0,0
2026-09-28,fll-4000,FEELLIFE,老眼鏡,fll-4000-2-05,5,11,0,15,0,0,23
2026-09-28,fll-4000,FEELLIFE,老眼鏡,fll-4000-2-10,10,6,0,10,0,0,0
2026-09-28,fll-4000,FEELLIFE,老眼鏡,fll-4000-2-15,15,3,0,15,0,0,3
2026-09-28,fll-4000,FEELLIFE,老眼鏡,fll-4000-2-20,20,3,0,5,0,0,0
2026-09-28,fll-4000,FEELLIFE,老眼鏡,fll-4000-2-25,25,4,0,7,0,0,0
2026-09-28,fll-4000,FEELLIFE,老眼鏡,fll-4000-3-05,5,7,0,14,0,0,8
2026-09-28,fll-4000,FEELLIFE,老眼鏡,fll-4000-3-10,10,6,0,1,0,0,0
2026-09-28,fll-4000,FEELLIFE,老眼鏡,fll-4000-3-15,15,4,0,9,0,0,0
2026-09-28,fll-4000,FEELLIFE,老眼鏡,fll-4000-3-20,20,5,0,1,0,0,0
2026-09-28,fll-4000,FEELLIFE,老眼鏡,fll-4000-3-25,25,3,0,14,0,0,2
2026-09-28,flm-001,FEELLIFE,老眼鏡,flm-001-1-10,10,0,19,0,5,0,11
2026-09-28,flm-001,FEELLIFE,老眼鏡,flm-001-1-15,15,0,16,0,8,0,136
2026-09-28,flm-001,FEELLIFE,老眼鏡,flm-001-1-20,20,0,21,0,8,0,45
2026-09-28,flm-001,FEELLIFE,老眼鏡,flm-001-1-25,25,0,18,0,6,0,35
2026-09-28,flm-001,FEELLIFE,老眼鏡,flm-001-1-30,30,0,19,0,6,0,0
2026-09-28,flm-001,FEELLIFE,老眼鏡,flm-001-2-10,10,0,20,0,10,0,0
2026-09-28,flm-001,FEELLIFE,老眼鏡,flm-001-2-15,15,0,17,0,10,0,94
2026-09-28,flm-001,FEELLIFE,老眼鏡,flm-001-2-20,20,0,22,0,10,0,67
2026-09-28,flm-001,FEELLIFE,老眼鏡,flm-001-2-25,25,0,23,0,11,0,7
2026-09-28,flm-001,FEELLIFE,老眼鏡,flm-001-2-30,30,0,23,0,7,0,4
2026-09-28,flm-002,FEELLIFE,老眼鏡,flm-002-1-10,10,0,25,0,6,0,69
2026-09-28,flm-002,FEELLIFE,老眼鏡,flm-002-1-15,15,0,23,0,12,0,75
2026-09-28,flm-002,FEELLIFE,老眼鏡,flm-002-1-20,20,0,22,0,11,0,29
2026-09-28,flm-002,FEELLIFE,老眼鏡,flm-002-1-25,25,0,25,0,8,0,16
2026-09-28,flm-002,FEELLIFE,老眼鏡,flm-002-1-30,30,0,8,0,3,0,0
2026-09-28,flm-002,FEELLIFE,老眼鏡,flm-002-2-10,10,0,23,0,10,1,53
2026-09-28,flm-002,FEELLIFE,老眼鏡,flm-002-2-15,15,0,27,0,10,0,37
2026-09-28,flm-002,FEELLIFE,老眼鏡,flm-002-2-20,20,0,24,0,8,0,77
2026-09-28,flm-002,FEELLIFE,老眼鏡,flm-002-2-25,25,0,24,0,6,0,0
2026-09-28,flm-002,FEELLIFE,老眼鏡,flm-002-2-30,30,0,25,0,6,0,0
2026-09-28,flm-006,FEELLIFE,老眼鏡,flm-006-1-10,10,0,22,0,4,0,45
2026-09-28,flm-006,FEELLIFE,老眼鏡,flm-006-1-15,15,0,23,0,3,0,37
2026-09-28,flm-006,FEELLIFE,老眼鏡,flm-006-1-20,20,0,24,0,7,0,56
2026-09-28,flm-006,FEELLIFE,老眼鏡,flm-006-1-25,25,0,17,0,1,0,0
2026-09-28,flm-006,FEELLIFE,老眼鏡,flm-006-1-30,30,0,19,0,7,0,0
2026-09-28,flm-006,FEELLIFE,老眼鏡,flm-006-2-10,10,0,22,0,6,0,5
2026-09-28,flm-006,FEELLIFE,老眼鏡,flm-006-2-15,15,0,24,0,4,0,60
2026-09-28,flm-006,FEELLIFE,老眼鏡,flm-006-2-20,20,0,21,0,4,0,43
2026-09-28,flm-006,FEELLIFE,老眼鏡,flm-006-2-25,25,0,18,0,0,0,0
2026-09-28,flm-006,FEELLIFE,老眼鏡,flm-006-2-30,30,0,9,0,0,0,0
2026-09-28,flw-001,FEELLIFE,調光サングラス,flw-001-002-1,0,0,20,15,0,0,47
2026-09-28,flw-001,FEELLIFE,調光サングラス,flw-001-002-2,0,0,19,18,0,0,109
2026-09-28,flw-001,FEELLIFE,調光サングラス,flw-001-002-3,0,0,19,19,0,0,96
2026-09-28,flw-001,FEELLIFE,調光サングラス,flw-001-002-4,0,0,20,20,0,0,41
2026-09-28,flw-002,FEELLIFE,調光サングラス,flw-001-002-1a,0,0,0,0,0,0,0
2026-09-28,flw-002,FEELLIFE,調光サングラス,flw-001-002-2a,0,0,0,0,0,0,0
2026-09-28,flw-002,FEELLIFE,調光サングラス,flw-001-002-3a,0,0,0,0,0,0,0
2026-09-28,flw-002,FEELLIFE,調光サングラス,flw-001-002-4a,0,0,20,18,0,0,0
2026-09-28,ph5099,GGeyewear,調光サングラス,ph5099-1,0,0,19,14,0,1,187
2026-09-28,ph5099,GGeyewear,調光サングラス,ph5099-2,0,0,21,15,0,0,362
2026-09-28,ph5099,GGeyewear,調光サングラス,ph5099-12,0,0,16,14,0,28,359
2026-09-28,si-01sap,SHIORI,老眼鏡,si-01sa-1-15,15,0,7,15,0,0,0
2026-09-28,si-01sap,SHIORI,老眼鏡,si-01sa-1-20,20,0,14,15,0,0,0
2026-09-28,si-01sap,SHIORI,老眼鏡,si-01sa-1-25,25,0,0,6,0,0,0
2026-09-28,si-01sap,SHIORI,老眼鏡,si-01sa-1-30,30,0,7,5,0,0,0
2026-09-28,si-01sap,SHIORI,老眼鏡,si-01sa-2-15,15,0,15,15,0,0,0
2026-09-28,si-01sap,SHIORI,老眼鏡,si-01sa-2-20,20,0,17,13,0,0,0
2026-09-28,si-01sap,SHIORI,老眼鏡,si-01sa-2-25,25,0,0,0,0,0,0
2026-09-28,si-01sap,SHIORI,老眼鏡,si-01sa-2-30,30,0,0,1,0,0,0
2026-09-28,si-01sap,SHIORI,老眼鏡,si-01sa-3-15,15,0,13,15,0,0,0
2026-09-28,si-01sap,SHIORI,老眼鏡,si-01sa-3-20,20,0,13,6,0,0,0
2026-09-28,si-01sap,SHIORI,老眼鏡,si-01sa-3-25,25,0,5,0,0,0,0
2026-09-28,si-01sap,SHIORI,老眼鏡,si-01sa-3-30,30,0,14,2,0,0,0
2026-09-28,si-08r,SHIORI,老眼鏡,si-08r-1-15,15,0,20,9,0,0,5
2026-09-28,si-08r,SHIORI,老眼鏡,si-08r-1-20,20,0,15,9,0,0,4
2026-09-28,si-08r,SHIORI,老眼鏡,si-08r-1-25,25,0,10,6,0,0,0
2026-09-28,si-08r,SHIORI,老眼鏡,si-08r-2-15,15,0,15,15,0,0,43
2026-09-28,si-08r,SHIORI,老眼鏡,si-08r-2-20,20,0,15,13,0,0,34
2026-09-28,si-08r,SHIORI,老眼鏡,si-08r-2-25,25,0,15,12,0,0,26
2026-09-28,si-08r,SHIORI,老眼鏡,si-08r-3-15,15,0,29,10,0,0,9
2026-09-28,si-08r,SHIORI,老眼鏡,si-08r-3-20,20,0,17,9,0,0,39
2026-09-28,si-08r,SHIORI,老眼鏡,si-08r-3-25,25,0,15,9,0,0,11
2026-09-28,si-09,SHIORI,老眼鏡,si-09-1-15,15,0,17,9,0,0,0
2026-09-28,si-09,SHIORI,老眼鏡,si-09-1-20,20,0,0,11,0,0,0
2026-09-28,si-09,SHIORI,老眼鏡,si-09-1-25,25,0,20,10,0,13,13
2026-09-28,si-09,SHIORI,老眼鏡,si-09-1-30,30,0,18,11,0,0,13
2026-09-28,si-09,SHIORI,老眼鏡,si-09-2-15,15,0,15,10,0,0,4
2026-09-28,si-09,SHIORI,老眼鏡,si-09-2-20,20,0,0,1,0,0,0
2026-09-28,si-09,SHIORI,老眼鏡,si-09-2-25,25,0,18,0,0,0,0
2026-09-28,si-09,SHIORI,老眼鏡,si-09-2-30,30,0,9,13,0,0,0
2026-09-28,si-09,SHIORI,老眼鏡,si-09-3-15,15,0,15,10,0,0,0
2026-09-28,si-09,SHIORI,老眼鏡,si-09-3-20,20,0,13,11,0,0,19
2026-09-28,si-09,SHIORI,老眼鏡,si-09-3-25,25,0,13,9,0,0,26
2026-09-28,si-09,SHIORI,老眼鏡,si-09-3-30,30,0,2,9,0,0,0
2026-09-28,si-10,SHIORI,老眼鏡,si-10-1-15,15,0,14,9,0,0,68
2026-09-28,si-10,SHIORI,老眼鏡,si-10-1-20,20,0,14,9,0,0,10
2026-09-28,si-10,SHIORI,老眼鏡,si-10-1-25,25,0,12,13,0,0,0
2026-09-28,si-10,SHIORI,老眼鏡,si-10-1-30,30,0,15,5,0,0,0
2026-09-28,si-10,SHIORI,老眼鏡,si-10-2-15,15,0,14,12,0,0,32
2026-09-28,si-10,SHIORI,老眼鏡,si-10-2-20,20,0,15,11,0,0,2
2026-09-28,si-10,SHIORI,老眼鏡,si-10-2-25,25,0,18,10,0,0,1
2026-09-28,si-10,SHIORI,老眼鏡,si-10-2-30,30,0,10,1,0,0,0
2026-09-28,si-10,SHIORI,老眼鏡,si-10-3-15,15,0,15,9,0,0,2
2026-09-28,si-10,SHIORI,老眼鏡,si-10-3-20,20,0,13,9,0,0,1
2026-09-28,si-10,SHIORI,老眼鏡,si-10-3-25,25,0,12,9,0,0,0
2026-09-28,si-10,SHIORI,老眼鏡,si-10-3-30,30,0,15,6,0,0,0
2026-09-28,si-10,SHIORI,老眼鏡,si-10-4-15,15,0,14,10,0,0,22
2026-09-28,si-10,SHIORI,老眼鏡,si-10-4-20,20,0,8,11,0,0,0
2026-09-28,si-10,SHIORI,老眼鏡,si-10-4-25,25,0,17,11,0,0,2
2026-09-28,si-10,SHIORI,老眼鏡,si-10-4-30,30,0,9,8,0,0,0
2026-09-28,si-11,SHIORI,老眼鏡,si-11-1-10,10,0,14,9,0,0,27
2026-09-28,si-11,SHIORI,老眼鏡,si-11-1-15,15,0,7,0,0,0,0
2026-09-28,si-11,SHIORI,老眼鏡,si-11-1-20,20,0,21,10,0,0,64
2026-09-28,si-11,SHIORI,老眼鏡,si-11-1-25,25,0,14,12,0,0,32
2026-09-28,si-11,SHIORI,老眼鏡,si-11-2-10,10,0,13,6,0,0,0
2026-09-28,si-11,SHIORI,老眼鏡,si-11-2-15,15,0,0,0,0,0,0
2026-09-28,si-11,SHIORI,老眼鏡,si-11-2-20,20,0,18,0,0,1,0
2026-09-28,si-11,SHIORI,老眼鏡,si-11-2-25,25,0,19,9,0,0,2
2026-09-28,si-11,SHIORI,老眼鏡,si-11-3-10,10,0,15,9,0,1,8
2026-09-28,si-11,SHIORI,老眼鏡,si-11-3-15,15,0,1,0,0,2,0
2026-09-28,si-11,SHIORI,老眼鏡,si-11-3-20,20,0,13,6,0,0,0
2026-09-28,si-11,SHIORI,老眼鏡,si-11-3-25,25,0,13,13,0,0,12
2026-09-28,si-13,SHIORI,老眼鏡,si-13-1-15,15,0,17,15,0,0,30
2026-09-28,si-13,SHIORI,老眼鏡,si-13-1-20,20,0,14,14,0,0,23
2026-09-28,si-13,SHIORI,老眼鏡,si-13-1-25,25,0,18,14,0,0,46
2026-09-28,si-13,SHIORI,老眼鏡,si-13-1-30,30,0,20,14,0,0,26
2026-09-28,si-13,SHIORI,老眼鏡,si-13-2-15,15,0,14,14,0,0,15
2026-09-28,si-13,SHIORI,老眼鏡,si-13-2-20,20,0,18,14,0,0,31
2026-09-28,si-13,SHIORI,老眼鏡,si-13-2-25,25,0,17,15,0,0,43
2026-09-28,si-13,SHIORI,老眼鏡,si-13-2-30,30,0,20,15,0,0,2
2026-09-28,si-13,SHIORI,老眼鏡,si-13-3-15,15,0,20,15,0,0,13
2026-09-28,si-13,SHIORI,老眼鏡,si-13-3-20,20,0,19,14,0,17,31
2026-09-28,si-13,SHIORI,老眼鏡,si-13-3-25,25,0,18,15,0,0,45
2026-09-28,si-13,SHIORI,老眼鏡,si-13-3-30,30,0,17,13,0,0,18
2026-09-28,si-13ph,SHIORI,調光老眼鏡,si-13ph-1-10,10,0,10,10,0,0,0
2026-09-28,si-13ph,SHIORI,調光老眼鏡,si-13ph-1-15,15,0,13,15,0,0,34
2026-09-28,si-13ph,SHIORI,調光老眼鏡,si-13ph-1-20,20,0,14,15,0,0,5
2026-09-28,si-13ph,SHIORI,調光老眼鏡,si-13ph-2-10,10,0,14,15,0,0,3
2026-09-28,si-13ph,SHIORI,調光老眼鏡,si-13ph-2-15,15,0,13,14,0,0,21
2026-09-28,si-13ph,SHIORI,調光老眼鏡,si-13ph-2-20,20,0,8,14,0,0,0
2026-09-28,si-13ph,SHIORI,調光老眼鏡,si-13ph-3-10,10,0,3,12,0,0,0
2026-09-28,si-13ph,SHIORI,調光老眼鏡,si-13ph-3-15,15,0,14,15,0,0,19
2026-09-28,si-13ph,SHIORI,調光老眼鏡,si-13ph-3-20,20,0,13,11,0,0,0
2026-09-28,spc-006,SPC,老眼鏡,spc-006-1-10,10,0,9,0,41,0,0
2026-09-28,spc-006,SPC,老眼鏡,spc-006-1-15,15,0,13,0,11,0,0
2026-09-28,spc-006,SPC,老眼鏡,spc-006-1-20,20,0,14,0,13,0,0
2026-09-28,spc-006,SPC,老眼鏡,spc-006-1-25,25,0,18,0,8,0,0
2026-09-28,spc-006,SPC,老眼鏡,spc-006-2-10,10,0,0,0,11,0,0
2026-09-28,spc-006,SPC,老眼鏡,spc-006-2-15,15,0,0,0,21,0,0
2026-09-28,spc-006,SPC,老眼鏡,spc-006-2-20,20,0,0,0,12,0,0
2026-09-28,spc-006,SPC,老眼鏡,spc-006-2-25,25,0,0,0,0,0,0
2026-09-28,spc-006,SPC,老眼鏡,spc-006-3-10,10,0,0,0,0,0,1
2026-09-28,spc-006,SPC,老眼鏡,spc-006-3-15,15,0,0,0,3,0,2
2026-09-28,spc-006,SPC,老眼鏡,spc-006-3-20,20,0,0,0,4,0,2
2026-09-28,spc-006,SPC,老眼鏡,spc-006-3-25,25,0,0,0,6,0,4
2026-09-28,spc-007,SPC,老眼鏡,spc-007-2-10,10,0,12,0,10,0,31
2026-09-28,spc-007,SPC,老眼鏡,spc-007-2-15,15,0,10,0,13,0,48
2026-09-28,spc-007,SPC,老眼鏡,spc-007-2-20,20,0,7,0,7,0,9
2026-09-28,spc-007,SPC,老眼鏡,spc-007-2-25,25,0,0,0,0,0,0
2026-09-28,spc-007,SPC,老眼鏡,spc-007-3-10,10,0,0,0,48,0,13
2026-09-28,spc-007,SPC,老眼鏡,spc-007-3-15,15,0,0,0,70,0,16
2026-09-28,spc-007,SPC,老眼鏡,spc-007-3-20,20,0,0,0,53,0,1
2026-09-28,spc-007,SPC,老眼鏡,spc-007-3-25,25,0,0,0,44,0,10
2026-09-29,fisi-05,SHIORI,老眼鏡,fisi-05-1-10,10,0,26,11,0,0,0
2026-09-29,fisi-05,SHIORI,老眼鏡,fisi-05-1-15,15,0,22,15,0,0,78
2026-09-29,fisi-05,SHIORI,老眼鏡,fisi-05-1-20,20,0,28,14,0,0,79
2026-09-29,fisi-05,SHIORI,老眼鏡,fisi-05-1-25,25,0,25,15,0,0,25
2026-09-29,fisi-05,SHIORI,老眼鏡,fisi-05-1-30,30,0,10,14,0,0,0
2026-09-29,fisi-05,SHIORI,老眼鏡,fisi-05-2-10,10,0,28,14,0,1,4
2026-09-29,fisi-05,SHIORI,老眼鏡,fisi-05-2-15,15,0,19,15,0,0,34
2026-09-29,fisi-05,SHIORI,老眼鏡,fisi-05-2-20,20,0,12,15,0,0,109
2026-09-29,fisi-05,SHIORI,老眼鏡,fisi-05-2-25,25,0,26,15,0,0,8
2026-09-29,fisi-05,SHIORI,老眼鏡,fisi-05-2-30,30,0,0,4,0,0,0
2026-09-29,fisi-05,SHIORI,老眼鏡,fisi-05-3-10,10,0,3,14,0,0,0
2026-09-29,fisi-05,SHIORI,老眼鏡,fisi-05-3-15,15,0,0,10,0,0,0
2026-09-29,fisi-05,SHIORI,老眼鏡,fisi-05-3-20,20,0,0,11,0,0,0
2026-09-29,fisi-05,SHIORI,老眼鏡,fisi-05-3-25,25,0,0,12,0,0,0
2026-09-29,fisi-05,SHIORI,老眼鏡,fisi-05-3-30,30,0,1,4,0,0,0
2026-09-29,fisi-05,SHIORI,老眼鏡,fisi-05-4-10,10,0,25,14,0,0,77
2026-09-29,fisi-05,SHIORI,老眼鏡,fisi-05-4-15,15,0,25,14,0,0,87
2026-09-29,fisi-05,SHIORI,老眼鏡,fisi-05-4-20,20,0,28,14,0,0,21
2026-09-29,fisi-05,SHIORI,老眼鏡,fisi-05-4-25,25,0,23,11,0,0,0
2026-09-29,fisi-05,SHIORI,老眼鏡,fisi-05-4-30,30,0,22,13,0,0,0
2026-09-29,fl-3000,FEELLIFE,調光老眼鏡,fl-3000-1-05,5,0,19,7,0,0,0
2026-09-29,fl-3000,FEELLIFE,調光老眼鏡,fl-3000-1-10,10,0,18,1,0,0,0
2026-09-29,fl-3000,FEELLIFE,調光老眼鏡,fl-3000-1-15,15,0,18,16,0,0,0
2026-09-29,fl-3000,FEELLIFE,調光老眼鏡,fl-3000-1-20,20,0,20,7,0,0,0
2026-09-29,fl-3000,FEELLIFE,調光老眼鏡,fl-3000-1-25,25,0,6,6,0,0,0
2026-09-29,fl-3000,FEELLIFE,調光老眼鏡,fl-3000-2-05,5,0,3,0,0,0,0
2026-09-29,fl-3000,FEELLIFE,調光老眼鏡,fl-3000-2-10,10,0,20,0,0,0,0
2026-09-29,fl-3000,FEELLIFE,調光老眼鏡,fl-3000-2-15,15,0,19,9,0,0,0
2026-09-29,fl-3000,FEELLIFE,調光老眼鏡,fl-3000-2-20,20,0,19,6,0,0,0
2026-09-29,fl-3000,FEELLIFE,調光老眼鏡,fl-3000-2-25,25,0,5,0,0,0,0
2026-09-29,fl-3000,FEELLIFE,調光老眼鏡,fl-3000-3-05,5,0,19,14,0,0,0
2026-09-29,fl-3000,FEELLIFE,調光老眼鏡,fl-3000-3-10,10,0,15,0,0,0,0
2026-09-29,fl-3000,FEELLIFE,調光老眼鏡,fl-3000-3-15,15,0,15,0,0,0,0
2026-09-29,fl-3000,FEELLIFE,調光老眼鏡,fl-3000-3-20,20,0,6,0,0,0,0
2026-09-29,fl-3000,FEELLIFE,調光老眼鏡,fl-3000-3-25,25,0,4,1,0,0,0
2026-09-29,flc-002,FEELLIFE,老眼鏡,flc-002-1-10,10,0,13,0,0,0,0
2026-09-29,flc-002,FEELLIFE,老眼鏡,flc-002-1-15,15,0,20,0,0,0,15
2026-09-29,flc-002,FEELLIFE,老眼鏡,flc-002-1-20,20,0,20,0,0,0,33
2026-09-29,flc-002,FEELLIFE,老眼鏡,flc-002-1-25,25,0,20,0,13,0,6
2026-09-29,flc-002,FEELLIFE,老眼鏡,flc-002-1-30,30,0,20,0,4,0,2
2026-09-29,flc-002,FEELLIFE,老眼鏡,flc-002-2-10,10,0,20,0,0,0,56
2026-09-29,flc-002,FEELLIFE,老眼鏡,flc-002-2-15,15,0,19,0,0,0,134
2026-09-29,flc-002,FEELLIFE,老眼鏡,flc-002-2-20,20,0,21,0,1,0,197
2026-09-29,flc-002,FEELLIFE,老眼鏡,flc-002-2-25,25,0,20,0,11,0,23
2026-09-29,flc-002,FEELLIFE,老眼鏡,flc-002-2-30,30,0,19,0,5,0,36
2026-09-29,flh-001ph,FEELLIFE,調光老眼鏡,flh-001ph-1-10,10,0,20,0,22,0,28
2026-09-29,flh-001ph,FEELLIFE,調光老眼鏡,flh-001ph-1-15,15,0,18,0,10,0,30
2026-09-29,flh-001ph,FEELLIFE,調光老眼鏡,flh-001ph-1-20,20,0,20,0,11,0,41
2026-09-29,flh-001ph,FEELLIFE,調光老眼鏡,flh-001ph-2-10,10,0,20,0,26,0,35
2026-09-29,flh-001ph,FEELLIFE,調光老眼鏡,flh-001ph-2-15,15,0,18,0,10,0,23
2026-09-29,flh-001ph,FEELLIFE,調光老眼鏡,flh-001ph-2-20,20,0,20,0,9,0,25
2026-09-29,flk-001,FEELLIFE,老眼鏡,flk-001-1-10,10,0,7,0,0,0,0
2026-09-29,flk-001,FEELLIFE,老眼鏡,flk-001-1-15,15,0,0,0,0,0,0
2026-09-29,flk-001,FEELLIFE,老眼鏡,flk-001-1-20,20,0,0,0,0,0,0
2026-09-29,flk-001,FEELLIFE,老眼鏡,flk-001-1-25,25,0,5,0,0,0,0
2026-09-29,flk-001,FEELLIFE,老眼鏡,flk-001-2-10,10,0,6,0,0,0,0
2026-09-29,flk-001,FEELLIFE,老眼鏡,flk-001-2-15,15,0,0,0,0,0,0
2026-09-29,flk-001,FEELLIFE,老眼鏡,flk-001-2-20,20,0,0,0,0,0,0
2026-09-29,flk-001,FEELLIFE,老眼鏡,flk-001-2-25,25,0,4,0,0,0,0
2026-09-29,flk-001,FEELLIFE,老眼鏡,flk-001-3-10,10,0,12,14,0,0,0
2026-09-29,flk-001,FEELLIFE,老眼鏡,flk-001-3-15,15,0,7,0,0,0,0
2026-09-29,flk-001,FEELLIFE,老眼鏡,flk-001-3-20,20,0,10,0,0,0,0
2026-09-29,flk-001,FEELLIFE,老眼鏡,flk-001-3-25,25,0,9,0,0,0,0
2026-09-29,fll-006,FEELLIFE,老眼鏡,fll-006-1-10,10,0,10,0,1,0,0
2026-09-29,fll-006,FEELLIFE,老眼鏡,fll-006-1-15,15,0,13,0,6,0,16
2026-09-29,fll-006,FEELLIFE,老眼鏡,fll-006-1-20,20,0,15,0,7,0,12
2026-09-29,fll-006,FEELLIFE,老眼鏡,fll-006-1-25,25,0,13,0,9,0,91
2026-09-29,fll-006,FEELLIFE,老眼鏡,fll-006-1-30,30,0,11,0,8,0,30
2026-09-29,fll-006,FEELLIFE,老眼鏡,fll-006-2-10,10,0,14,0,5,0,24
2026-09-29,fll-006,FEELLIFE,老眼鏡,fll-006-2-15,15,0,13,0,0,0,28
2026-09-29,fll-006,FEELLIFE,老眼鏡,fll-006-2-20,20,0,16,0,0,0,8
2026-09-29,fll-006,FEELLIFE,老眼鏡,fll-006-2-25,25,0,15,0,6,0,15
2026-09-29,fll-006,FEELLIFE,老眼鏡,fll-006-2-30,30,0,13,0,6,0,11
2026-09-29,fll-3000,FEELLIFE,老眼鏡,fll-3000-1-05,5,0,14,0,11,0,11
2026-09-29,fll-3000,FEELLIFE,老眼鏡,fll-3000-1-10,10,0,15,0,4,0,0
2026-09-29,fll-3000,FEELLIFE,老眼鏡,fll-3000-1-15,15,0,18,0,7,0,7
2026-09-29,fll-3000,FEELLIFE,老眼鏡,fll-3000-1-20,20,0,19,0,0,0,0
2026-09-29,fll-3000,FEELLIFE,老眼鏡,fll-3000-1-25,25,0,16,0,0,0,0
2026-09-29,fll-3000,FEELLIFE,老眼鏡,fll-3000-2-05,5,0,14,0,7,0,98
2026-09-29,fll-3000,FEELLIFE,老眼鏡,fll-3000-2-10,10,0,15,0,8,0,12
2026-09-29,fll-3000,FEELLIFE,老眼鏡,fll-3000-2-15,15,0,18,0,3,0,42
2026-09-29,fll-3000,FEELLIFE,老眼鏡,fll-3000-2-20,20,0,17,0,0,0,0
2026-09-29,fll-3000,FEELLIFE,老眼鏡,fll-3000-2-25,25,0,14,0,0,0,0
2026-09-29,fll-3004,FEELLIFE,老眼鏡,fll-3004-1-05,5,0,14,0,10,0,37
2026-09-29,fll-3004,FEELLIFE,老眼鏡,fll-3004-1-10,10,0,15,0,11,0,42
2026-09-29,fll-3004,FEELLIFE,老眼鏡,fll-3004-1-15,15,0,15,0,11,0,51
2026-09-29,fll-3004,FEELLIFE,老眼鏡,fll-3004-1-20,20,0,15,0,15,0,0
2026-09-29,fll-3004,FEELLIFE,老眼鏡,fll-3004-1-25,25,0,18,0,27,0,12
2026-09-29,fll-3004,FEELLIFE,老眼鏡,fll-3004-2-05,5,0,14,0,0,0,29
2026-09-29,fll-3004,FEELLIFE,老眼鏡,fll-3004-2-10,10,0,25,0,0,0,10
2026-09-29,fll-3004,FEELLIFE,老眼鏡,fll-3004-2-15,15,0,14,0,9,0,0
2026-09-29,fll-3004,FEELLIFE,老眼鏡,fll-3004-2-20,20,0,15,0,0,0,0
2026-09-29,fll-3004,FEELLIFE,老眼鏡,fll-3004-2-25,25,0,15,0,7,0,45
2026-09-29,fll-3004,FEELLIFE,老眼鏡,fll-3004-3-05,5,0,15,0,5,0,22
2026-09-29,fll-3004,FEELLIFE,老眼鏡,fll-3004-3-10,10,0,15,0,4,0,36
2026-09-29,fll-3004,FEELLIFE,老眼鏡,fll-3004-3-15,15,0,14,0,4,0,0
2026-09-29,fll-3004,FEELLIFE,老眼鏡,fll-3004-3-20,20,0,14,0,7,7,0
2026-09-29,fll-3004,FEELLIFE,老眼鏡,fll-3004-3-25,25,0,15,0,7,0,25
2026-09-29,fll-4000,FEELLIFE,老眼鏡,fll-4000-1-05,5,0,0,3,0,0,0
2026-09-29,fll-4000,FEELLIFE,老眼鏡,fll-4000-1-10,10,5,0,2,0,0,0
2026-09-29,fll-4000,FEELLIFE,老眼鏡,fll-4000-1-15,15,6,0,13,0,0,0
2026-09-29,fll-4000,FEELLIFE,老眼鏡,fll-4000-1-20,20,5,0,7,0,5,0
2026-09-29,fll-4000,FEELLIFE,老眼鏡,fll-4000-1-25,25,1,0,14,0,0,0
2026-09-29,fll-4000,FEELLIFE,老眼鏡,fll-4000-2-05,5,11,0,14,0,0,23
2026-09-29,fll-4000,FEELLIFE,老眼鏡,fll-4000-2-10,10,6,0,9,0,0,0
2026-09-29,fll-4000,FEELLIFE,老眼鏡,fll-4000-2-15,15,3,0,15,0,0,3
2026-09-29,fll-4000,FEELLIFE,老眼鏡,fll-4000-2-20,20,3,0,4,0,0,0
2026-09-29,fll-4000,FEELLIFE,老眼鏡,fll-4000-2-25,25,4,0,7,0,0,0
2026-09-29,fll-4000,FEELLIFE,老眼鏡,fll-4000-3-05,5,7,0,14,0,0,8
2026-09-29,fll-4000,FEELLIFE,老眼鏡,fll-4000-3-10,10,6,0,1,0,0,0
2026-09-29,fll-4000,FEELLIFE,老眼鏡,fll-4000-3-15,15,4,0,9,0,0,0
2026-09-29,fll-4000,FEELLIFE,老眼鏡,fll-4000-3-20,20,5,0,1,0,0,0
2026-09-29,fll-4000,FEELLIFE,老眼鏡,fll-4000-3-25,25,3,0,14,0,0,2
2026-09-29,flm-001,FEELLIFE,老眼鏡,flm-001-1-10,10,0,18,0,5,0,11
2026-09-29,flm-001,FEELLIFE,老眼鏡,flm-001-1-15,15,0,16,0,8,0,136
2026-09-29,flm-001,FEELLIFE,老眼鏡,flm-001-1-20,20,0,21,0,8,0,45
2026-09-29,flm-001,FEELLIFE,老眼鏡,flm-001-1-25,25,0,17,0,6,0,35
2026-09-29,flm-001,FEELLIFE,老眼鏡,flm-001-1-30,30,0,19,0,5,0,0
2026-09-29,flm-001,FEELLIFE,老眼鏡,flm-001-2-10,10,0,20,0,10,0,0
2026-09-29,flm-001,FEELLIFE,老眼鏡,flm-001-2-15,15,0,17,0,10,0,94
2026-09-29,flm-001,FEELLIFE,老眼鏡,flm-001-2-20,20,0,22,0,10,0,67
2026-09-29,flm-001,FEELLIFE,老眼鏡,flm-001-2-25,25,0,23,0,11,0,7
2026-09-29,flm-001,FEELLIFE,老眼鏡,flm-001-2-30,30,0,23,0,7,0,4
2026-09-29,flm-002,FEELLIFE,老眼鏡,flm-002-1-10,10,0,25,0,6,0,69
2026-09-29,flm-002,FEELLIFE,老眼鏡,flm-002-1-15,15,0,24,0,12,0,75
2026-09-29,flm-002,FEELLIFE,老眼鏡,flm-002-1-20,20,0,22,0,11,0,29
2026-09-29,flm-002,FEELLIFE,老眼鏡,flm-002-1-25,25,0,25,0,8,0,16
2026-09-29,flm-002,FEELLIFE,老眼鏡,flm-002-1-30,30,0,8,0,3,0,0
2026-09-29,flm-002,FEELLIFE,老眼鏡,flm-002-2-10,10,0,23,0,10,1,53
2026-09-29,flm-002,FEELLIFE,老眼鏡,flm-002-2-15,15,0,27,0,10,0,37
2026-09-29,flm-002,FEELLIFE,老眼鏡,flm-002-2-20,20,0,24,0,8,0,77
2026-09-29,flm-002,FEELLIFE,老眼鏡,flm-002-2-25,25,0,24,0,6,0,0
2026-09-29,flm-002,FEELLIFE,老眼鏡,flm-002-2-30,30,0,25,0,6,0,0
2026-09-29,flm-006,FEELLIFE,老眼鏡,flm-006-1-10,10,0,22,0,4,0,45
2026-09-29,flm-006,FEELLIFE,老眼鏡,flm-006-1-15,15,0,23,0,3,0,37
2026-09-29,flm-006,FEELLIFE,老眼鏡,flm-006-1-20,20,0,24,0,7,0,56
2026-09-29,flm-006,FEELLIFE,老眼鏡,flm-006-1-25,25,0,17,0,1,0,0
2026-09-29,flm-006,FEELLIFE,老眼鏡,flm-006-1-30,30,0,19,0,7,0,0
2026-09-29,flm-006,FEELLIFE,老眼鏡,flm-006-2-10,10,0,21,0,6,0,5
2026-09-29,flm-006,FEELLIFE,老眼鏡,flm-006-2-15,15,0,23,0,4,0,60
2026-09-29,flm-006,FEELLIFE,老眼鏡,flm-006-2-20,20,0,22,0,4,0,43
2026-09-29,flm-006,FEELLIFE,老眼鏡,flm-006-2-25,25,0,18,0,0,0,0
2026-09-29,flm-006,FEELLIFE,老眼鏡,flm-006-2-30,30,0,9,0,0,0,0
2026-09-29,flw-001,FEELLIFE,調光サングラス,flw-001-002-1,0,0,20,15,0,0,47
2026-09-29,flw-001,FEELLIFE,調光サングラス,flw-001-002-2,0,0,19,18,0,0,109
2026-09-29,flw-001,FEELLIFE,調光サングラス,flw-001-002-3,0,0,19,19,0,0,96
2026-09-29,flw-001,FEELLIFE,調光サングラス,flw-001-002-4,0,0,20,20,0,0,41
2026-09-29,flw-002,FEELLIFE,調光サングラス,flw-001-002-1a,0,0,0,0,0,0,0
2026-09-29,flw-002,FEELLIFE,調光サングラス,flw-001-002-2a,0,0,0,0,0,0,0
2026-09-29,flw-002,FEELLIFE,調光サングラス,flw-001-002-3a,0,0,0,0,0,0,0
2026-09-29,flw-002,FEELLIFE,調光サングラス,flw-001-002-4a,0,0,20,18,0,0,0
2026-09-29,gg5099,GGeyewear,インスタントグラス,gg5099-1-10,10,3,0,48,0,0,0
2026-09-29,gg5099,GGeyewear,インスタントグラス,gg5099-1-20,20,2,0,35,0,0,0
2026-09-29,gg5099,GGeyewear,インスタントグラス,gg5099-1-30,30,2,0,69,0,0,0
2026-09-29,gg5099,GGeyewear,インスタントグラス,gg5099-1-40,40,2,0,62,0,0,0
2026-09-29,gg5099,GGeyewear,インスタントグラス,gg5099-2-10,10,3,0,55,0,0,0
2026-09-29,gg5099,GGeyewear,インスタントグラス,gg5099-2-20,20,3,0,28,0,0,0
2026-09-29,gg5099,GGeyewear,インスタントグラス,gg5099-2-30,30,2,0,65,0,0,0
2026-09-29,gg5099,GGeyewear,インスタントグラス,gg5099-2-40,40,2,0,4,0,0,0
2026-09-29,ph5099,GGeyewear,調光サングラス,ph5099-1,0,0,19,14,0,0,187
2026-09-29,ph5099,GGeyewear,調光サングラス,ph5099-2,0,0,21,13,0,0,362
2026-09-29,ph5099,GGeyewear,調光サングラス,ph5099-12,0,0,14,14,0,27,359
2026-09-29,si-01sap,SHIORI,老眼鏡,si-01sa-1-15,15,0,6,15,0,0,0
2026-09-29,si-01sap,SHIORI,老眼鏡,si-01sa-1-20,20,0,12,15,0,0,0
2026-09-29,si-01sap,SHIORI,老眼鏡,si-01sa-1-25,25,0,0,6,0,0,0
2026-09-29,si-01sap,SHIORI,老眼鏡,si-01sa-1-30,30,0,7,5,0,0,0
2026-09-29,si-01sap,SHIORI,老眼鏡,si-01sa-2-15,15,0,14,15,0,0,0
2026-09-29,si-01sap,SHIORI,老眼鏡,si-01sa-2-20,20,0,17,13,0,0,0
2026-09-29,si-01sap,SHIORI,老眼鏡,si-01sa-2-25,25,0,0,0,0,0,0
2026-09-29,si-01sap,SHIORI,老眼鏡,si-01sa-2-30,30,0,0,1,0,0,0
2026-09-29,si-01sap,SHIORI,老眼鏡,si-01sa-3-15,15,0,12,15,0,0,0
2026-09-29,si-01sap,SHIORI,老眼鏡,si-01sa-3-20,20,0,13,6,0,0,0
2026-09-29,si-01sap,SHIORI,老眼鏡,si-01sa-3-25,25,0,4,0,0,0,0
2026-09-29,si-01sap,SHIORI,老眼鏡,si-01sa-3-30,30,0,10,2,0,0,0
2026-09-29,si-08r,SHIORI,老眼鏡,si-08r-1-15,15,0,20,9,0,0,5
2026-09-29,si-08r,SHIORI,老眼鏡,si-08r-1-20,20,0,15,9,0,0,4
2026-09-29,si-08r,SHIORI,老眼鏡,si-08r-1-25,25,0,10,6,0,0,0
2026-09-29,si-08r,SHIORI,老眼鏡,si-08r-2-15,15,0,15,15,0,0,43
2026-09-29,si-08r,SHIORI,老眼鏡,si-08r-2-20,20,0,15,13,0,0,34
2026-09-29,si-08r,SHIORI,老眼鏡,si-08r-2-25,25,0,15,12,0,0,26
2026-09-29,si-08r,SHIORI,老眼鏡,si-08r-3-15,15,0,29,10,0,0,9
2026-09-29,si-08r,SHIORI,老眼鏡,si-08r-3-20,20,0,17,9,0,0,39
2026-09-29,si-08r,SHIORI,老眼鏡,si-08r-3-25,25,0,15,9,0,0,11
2026-09-29,si-09,SHIORI,老眼鏡,si-09-1-15,15,0,17,9,0,0,0
2026-09-29,si-09,SHIORI,老眼鏡,si-09-1-20,20,0,0,11,0,0,0
2026-09-29,si-09,SHIORI,老眼鏡,si-09-1-25,25,0,20,10,0,13,13
2026-09-29,si-09,SHIORI,老眼鏡,si-09-1-30,30,0,18,11,0,0,13
2026-09-29,si-09,SHIORI,老眼鏡,si-09-2-15,15,0,15,10,0,0,4
2026-09-29,si-09,SHIORI,老眼鏡,si-09-2-20,20,0,0,1,0,0,0
2026-09-29,si-09,SHIORI,老眼鏡,si-09-2-25,25,0,18,0,0,0,0
2026-09-29,si-09,SHIORI,老眼鏡,si-09-2-30,30,0,9,13,0,0,0
2026-09-29,si-09,SHIORI,老眼鏡,si-09-3-15,15,0,15,10,0,0,0
2026-09-29,si-09,SHIORI,老眼鏡,si-09-3-20,20,0,13,11,0,0,19
2026-09-29,si-09,SHIORI,老眼鏡,si-09-3-25,25,0,13,9,0,0,26
2026-09-29,si-09,SHIORI,老眼鏡,si-09-3-30,30,0,2,9,0,0,0
2026-09-29,si-10,SHIORI,老眼鏡,si-10-1-15,15,0,14,9,0,0,68
2026-09-29,si-10,SHIORI,老眼鏡,si-10-1-20,20,0,14,9,0,0,10
2026-09-29,si-10,SHIORI,老眼鏡,si-10-1-25,25,0,12,13,0,0,0
2026-09-29,si-10,SHIORI,老眼鏡,si-10-1-30,30,0,15,5,0,0,0
2026-09-29,si-10,SHIORI,老眼鏡,si-10-2-15,15,0,14,12,0,0,32
2026-09-29,si-10,SHIORI,老眼鏡,si-10-2-20,20,0,15,11,0,0,1
2026-09-29,si-10,SHIORI,老眼鏡,si-10-2-25,25,0,18,10,0,0,1
2026-09-29,si-10,SHIORI,老眼鏡,si-10-2-30,30,0,10,1,0,0,0
2026-09-29,si-10,SHIORI,老眼鏡,si-10-3-15,15,0,14,9,0,0,2
2026-09-29,si-10,SHIORI,老眼鏡,si-10-3-20,20,0,13,9,0,0,1
2026-09-29,si-10,SHIORI,老眼鏡,si-10-3-25,25,0,12,9,0,0,0
2026-09-29,si-10,SHIORI,老眼鏡,si-10-3-30,30,0,15,6,0,0,0
2026-09-29,si-10,SHIORI,老眼鏡,si-10-4-15,15,0,14,10,0,0,22
2026-09-29,si-10,SHIORI,老眼鏡,si-10-4-20,20,0,8,11,0,0,0
2026-09-29,si-10,SHIORI,老眼鏡,si-10-4-25,25,0,17,11,0,0,2
2026-09-29,si-10,SHIORI,老眼鏡,si-10-4-30,30,0,9,8,0,0,0
2026-09-29,si-11,SHIORI,老眼鏡,si-11-1-10,10,0,14,9,0,0,27
2026-09-29,si-11,SHIORI,老眼鏡,si-11-1-15,15,0,7,0,0,0,0
2026-09-29,si-11,SHIORI,老眼鏡,si-11-1-20,20,0,21,10,0,0,64
2026-09-29,si-11,SHIORI,老眼鏡,si-11-1-25,25,0,14,12,0,0,32
2026-09-29,si-11,SHIORI,老眼鏡,si-11-2-10,10,0,13,6,0,0,0
2026-09-29,si-11,SHIORI,老眼鏡,si-11-2-15,15,0,0,0,0,0,0
2026-09-29,si-11,SHIORI,老眼鏡,si-11-2-20,20,0,18,0,0,1,0
2026-09-29,si-11,SHIORI,老眼鏡,si-11-2-25,25,0,19,9,0,0,2
2026-09-29,si-11,SHIORI,老眼鏡,si-11-3-10,10,0,15,9,0,1,8
2026-09-29,si-11,SHIORI,老眼鏡,si-11-3-15,15,0,0,0,0,2,0
2026-09-29,si-11,SHIORI,老眼鏡,si-11-3-20,20,0,13,6,0,0,0
2026-09-29,si-11,SHIORI,老眼鏡,si-11-3-25,25,0,13,13,0,0,12
2026-09-29,si-13,SHIORI,老眼鏡,si-13-1-15,15,0,17,15,0,0,30
2026-09-29,si-13,SHIORI,老眼鏡,si-13-1-20,20,0,14,14,0,0,23
2026-09-29,si-13,SHIORI,老眼鏡,si-13-1-25,25,0,18,14,0,0,46
2026-09-29,si-13,SHIORI,老眼鏡,si-13-1-30,30,0,20,14,0,0,26
2026-09-29,si-13,SHIORI,老眼鏡,si-13-2-15,15,0,14,14,0,0,15
2026-09-29,si-13,SHIORI,老眼鏡,si-13-2-20,20,0,18,14,0,0,31
2026-09-29,si-13,SHIORI,老眼鏡,si-13-2-25,25,0,17,15,0,0,43
2026-09-29,si-13,SHIORI,老眼鏡,si-13-2-30,30,0,20,15,0,0,2
2026-09-29,si-13,SHIORI,老眼鏡,si-13-3-15,15,0,20,15,0,0,13
2026-09-29,si-13,SHIORI,老眼鏡,si-13-3-20,20,0,19,14,0,17,31
2026-09-29,si-13,SHIORI,老眼鏡,si-13-3-25,25,0,18,15,0,0,45
2026-09-29,si-13,SHIORI,老眼鏡,si-13-3-30,30,0,17,13,0,0,18
2026-09-29,si-13ph,SHIORI,調光老眼鏡,si-13ph-1-10,10,0,10,10,0,0,0
2026-09-29,si-13ph,SHIORI,調光老眼鏡,si-13ph-1-15,15,0,13,15,0,0,34
2026-09-29,si-13ph,SHIORI,調光老眼鏡,si-13ph-1-20,20,0,13,15,0,0,5
2026-09-29,si-13ph,SHIORI,調光老眼鏡,si-13ph-2-10,10,0,14,15,0,0,3
2026-09-29,si-13ph,SHIORI,調光老眼鏡,si-13ph-2-15,15,0,13,14,0,0,21
2026-09-29,si-13ph,SHIORI,調光老眼鏡,si-13ph-2-20,20,0,8,14,0,0,0
2026-09-29,si-13ph,SHIORI,調光老眼鏡,si-13ph-3-10,10,0,3,12,0,0,0
2026-09-29,si-13ph,SHIORI,調光老眼鏡,si-13ph-3-15,15,0,14,15,0,0,19
2026-09-29,si-13ph,SHIORI,調光老眼鏡,si-13ph-3-20,20,0,12,11,0,0,0
2026-09-29,spc-006,SPC,老眼鏡,spc-006-1-10,10,0,9,0,41,0,0
2026-09-29,spc-006,SPC,老眼鏡,spc-006-1-15,15,0,13,0,11,0,0
2026-09-29,spc-006,SPC,老眼鏡,spc-006-1-20,20,0,14,0,13,0,0
2026-09-29,spc-006,SPC,老眼鏡,spc-006-1-25,25,0,18,0,8,0,0
2026-09-29,spc-006,SPC,老眼鏡,spc-006-2-10,10,0,0,0,11,0,0
2026-09-29,spc-006,SPC,老眼鏡,spc-006-2-15,15,0,0,0,21,0,0
2026-09-29,spc-006,SPC,老眼鏡,spc-006-2-20,20,0,0,0,12,0,0
2026-09-29,spc-006,SPC,老眼鏡,spc-006-2-25,25,0,0,0,0,0,0
2026-09-29,spc-006,SPC,老眼鏡,spc-006-3-10,10,0,0,0,0,0,1
2026-09-29,spc-006,SPC,老眼鏡,spc-006-3-15,15,0,0,0,3,0,2
2026-09-29,spc-006,SPC,老眼鏡,spc-006-3-20,20,0,0,0,4,0,2
2026-09-29,spc-006,SPC,老眼鏡,spc-006-3-25,25,0,0,0,6,0,4
2026-09-29,spc-007,SPC,老眼鏡,spc-007-2-10,10,0,12,0,9,0,31
2026-09-29,spc-007,SPC,老眼鏡,spc-007-2-15,15,0,10,0,13,0,48
2026-09-29,spc-007,SPC,老眼鏡,spc-007-2-20,20,0,5,0,7,0,9
2026-09-29,spc-007,SPC,老眼鏡,spc-007-2-25,25,0,0,0,0,0,0
2026-09-29,spc-007,SPC,老眼鏡,spc-007-3-10,10,0,0,0,48,0,13
2026-09-29,spc-007,SPC,老眼鏡,spc-007-3-15,15,0,0,0,70,0,16
2026-09-29,spc-007,SPC,老眼鏡,spc-007-3-20,20,0,0,0,53,0,1
2026-09-29,spc-007,SPC,老眼鏡,spc-007-3-25,25,0,0,0,44,0,10
2026-09-30,fisi-05,SHIORI,老眼鏡,fisi-05-1-10,10,0,27,11,0,0,0
2026-09-30,fisi-05,SHIORI,老眼鏡,fisi-05-1-15,15,0,22,15,0,0,78
2026-09-30,fisi-05,SHIORI,老眼鏡,fisi-05-1-20,20,0,28,14,0,0,79
2026-09-30,fisi-05,SHIORI,老眼鏡,fisi-05-1-25,25,0,25,15,0,0,25
2026-09-30,fisi-05,SHIORI,老眼鏡,fisi-05-1-30,30,0,7,14,0,0,0
2026-09-30,fisi-05,SHIORI,老眼鏡,fisi-05-2-10,10,0,28,14,0,1,4
2026-09-30,fisi-05,SHIORI,老眼鏡,fisi-05-2-15,15,0,19,15,0,0,34
2026-09-30,fisi-05,SHIORI,老眼鏡,fisi-05-2-20,20,0,12,15,0,0,109
2026-09-30,fisi-05,SHIORI,老眼鏡,fisi-05-2-25,25,0,26,15,0,0,8
2026-09-30,fisi-05,SHIORI,老眼鏡,fisi-05-2-30,30,0,0,4,0,0,0
2026-09-30,fisi-05,SHIORI,老眼鏡,fisi-05-3-10,10,0,3,14,0,0,0
2026-09-30,fisi-05,SHIORI,老眼鏡,fisi-05-3-15,15,0,0,10,0,0,0
2026-09-30,fisi-05,SHIORI,老眼鏡,fisi-05-3-20,20,0,0,11,0,0,0
2026-09-30,fisi-05,SHIORI,老眼鏡,fisi-05-3-25,25,0,0,12,0,0,0
2026-09-30,fisi-05,SHIORI,老眼鏡,fisi-05-3-30,30,0,1,4,0,0,0
2026-09-30,fisi-05,SHIORI,老眼鏡,fisi-05-4-10,10,0,25,14,0,0,77
2026-09-30,fisi-05,SHIORI,老眼鏡,fisi-05-4-15,15,0,26,14,0,0,87
2026-09-30,fisi-05,SHIORI,老眼鏡,fisi-05-4-20,20,0,28,14,0,0,21
2026-09-30,fisi-05,SHIORI,老眼鏡,fisi-05-4-25,25,0,23,10,0,0,0
2026-09-30,fisi-05,SHIORI,老眼鏡,fisi-05-4-30,30,0,21,13,0,0,0
2026-09-30,fl-3000,FEELLIFE,調光老眼鏡,fl-3000-1-05,5,0,19,4,0,0,0
2026-09-30,fl-3000,FEELLIFE,調光老眼鏡,fl-3000-1-10,10,0,18,0,0,0,0
2026-09-30,fl-3000,FEELLIFE,調光老眼鏡,fl-3000-1-15,15,0,18,16,0,0,0
2026-09-30,fl-3000,FEELLIFE,調光老眼鏡,fl-3000-1-20,20,0,20,7,0,0,0
2026-09-30,fl-3000,FEELLIFE,調光老眼鏡,fl-3000-1-25,25,0,6,6,0,0,0
2026-09-30,fl-3000,FEELLIFE,調光老眼鏡,fl-3000-2-05,5,0,3,0,0,0,0
2026-09-30,fl-3000,FEELLIFE,調光老眼鏡,fl-3000-2-10,10,0,19,0,0,0,0
2026-09-30,fl-3000,FEELLIFE,調光老眼鏡,fl-3000-2-15,15,0,19,7,0,0,0
2026-09-30,fl-3000,FEELLIFE,調光老眼鏡,fl-3000-2-20,20,0,19,6,0,0,0
2026-09-30,fl-3000,FEELLIFE,調光老眼鏡,fl-3000-2-25,25,0,5,0,0,0,0
2026-09-30,fl-3000,FEELLIFE,調光老眼鏡,fl-3000-3-05,5,0,19,14,0,0,0
2026-09-30,fl-3000,FEELLIFE,調光老眼鏡,fl-3000-3-10,10,0,15,0,0,0,0
2026-09-30,fl-3000,FEELLIFE,調光老眼鏡,fl-3000-3-15,15,0,15,0,0,0,0
2026-09-30,fl-3000,FEELLIFE,調光老眼鏡,fl-3000-3-20,20,0,6,0,0,0,0
2026-09-30,fl-3000,FEELLIFE,調光老眼鏡,fl-3000-3-25,25,0,4,1,0,0,0
2026-09-30,flc-002,FEELLIFE,老眼鏡,flc-002-1-10,10,0,13,0,0,0,0
2026-09-30,flc-002,FEELLIFE,老眼鏡,flc-002-1-15,15,0,20,0,0,0,0
2026-09-30,flc-002,FEELLIFE,老眼鏡,flc-002-1-20,20,0,20,0,0,0,20
2026-09-30,flc-002,FEELLIFE,老眼鏡,flc-002-1-25,25,0,20,0,13,0,6
2026-09-30,flc-002,FEELLIFE,老眼鏡,flc-002-1-30,30,0,20,0,3,0,0
2026-09-30,flc-002,FEELLIFE,老眼鏡,flc-002-2-10,10,0,20,0,0,0,41
2026-09-30,flc-002,FEELLIFE,老眼鏡,flc-002-2-15,15,0,19,0,0,0,119
2026-09-30,flc-002,FEELLIFE,老眼鏡,flc-002-2-20,20,0,21,0,0,0,182
2026-09-30,flc-002,FEELLIFE,老眼鏡,flc-002-2-25,25,0,20,0,11,0,23
2026-09-30,flc-002,FEELLIFE,老眼鏡,flc-002-2-30,30,0,19,0,5,0,31
2026-09-30,flh-001ph,FEELLIFE,調光老眼鏡,flh-001ph-1-10,10,0,20,0,22,0,28
2026-09-30,flh-001ph,FEELLIFE,調光老眼鏡,flh-001ph-1-15,15,0,18,0,9,0,30
2026-09-30,flh-001ph,FEELLIFE,調光老眼鏡,flh-001ph-1-20,20,0,20,0,11,0,41
2026-09-30,flh-001ph,FEELLIFE,調光老眼鏡,flh-001ph-2-10,10,0,20,0,25,0,35
2026-09-30,flh-001ph,FEELLIFE,調光老眼鏡,flh-001ph-2-15,15,0,18,0,10,0,23
2026-09-30,flh-001ph,FEELLIFE,調光老眼鏡,flh-001ph-2-20,20,0,20,0,9,0,25
2026-09-30,flk-001,FEELLIFE,老眼鏡,flk-001-1-10,10,0,7,0,0,0,0
2026-09-30,flk-001,FEELLIFE,老眼鏡,flk-001-1-15,15,0,0,0,0,0,0
2026-09-30,flk-001,FEELLIFE,老眼鏡,flk-001-1-20,20,0,0,0,0,0,0
2026-09-30,flk-001,FEELLIFE,老眼鏡,flk-001-1-25,25,0,5,0,0,0,0
2026-09-30,flk-001,FEELLIFE,老眼鏡,flk-001-2-10,10,0,6,0,0,0,0
2026-09-30,flk-001,FEELLIFE,老眼鏡,flk-001-2-15,15,0,0,0,0,0,0
2026-09-30,flk-001,FEELLIFE,老眼鏡,flk-001-2-20,20,0,0,0,0,0,0
2026-09-30,flk-001,FEELLIFE,老眼鏡,flk-001-2-25,25,0,4,0,0,0,0
2026-09-30,flk-001,FEELLIFE,老眼鏡,flk-001-3-10,10,0,12,14,0,0,0
2026-09-30,flk-001,FEELLIFE,老眼鏡,flk-001-3-15,15,0,7,0,0,0,0
2026-09-30,flk-001,FEELLIFE,老眼鏡,flk-001-3-20,20,0,10,0,0,0,0
2026-09-30,flk-001,FEELLIFE,老眼鏡,flk-001-3-25,25,0,9,0,0,0,0
2026-09-30,fll-006,FEELLIFE,老眼鏡,fll-006-1-10,10,0,10,0,1,0,0
2026-09-30,fll-006,FEELLIFE,老眼鏡,fll-006-1-15,15,0,13,0,5,0,11
2026-09-30,fll-006,FEELLIFE,老眼鏡,fll-006-1-20,20,0,15,0,7,0,7
2026-09-30,fll-006,FEELLIFE,老眼鏡,fll-006-1-25,25,0,13,0,9,0,91
2026-09-30,fll-006,FEELLIFE,老眼鏡,fll-006-1-30,30,0,11,0,8,0,30
2026-09-30,fll-006,FEELLIFE,老眼鏡,fll-006-2-10,10,0,14,0,5,0,19
2026-09-30,fll-006,FEELLIFE,老眼鏡,fll-006-2-15,15,0,13,0,0,0,18
2026-09-30,fll-006,FEELLIFE,老眼鏡,fll-006-2-20,20,0,16,0,0,0,0
2026-09-30,fll-006,FEELLIFE,老眼鏡,fll-006-2-25,25,0,15,0,6,0,15
2026-09-30,fll-006,FEELLIFE,老眼鏡,fll-006-2-30,30,0,13,0,5,0,11
2026-09-30,fll-3000,FEELLIFE,老眼鏡,fll-3000-1-05,5,0,14,0,11,0,11
2026-09-30,fll-3000,FEELLIFE,老眼鏡,fll-3000-1-10,10,0,15,0,4,0,0
2026-09-30,fll-3000,FEELLIFE,老眼鏡,fll-3000-1-15,15,0,18,0,7,0,7
2026-09-30,fll-3000,FEELLIFE,老眼鏡,fll-3000-1-20,20,0,19,0,0,0,0
2026-09-30,fll-3000,FEELLIFE,老眼鏡,fll-3000-1-25,25,0,16,0,0,0,0
2026-09-30,fll-3000,FEELLIFE,老眼鏡,fll-3000-2-05,5,0,14,0,7,0,98
2026-09-30,fll-3000,FEELLIFE,老眼鏡,fll-3000-2-10,10,0,15,0,8,0,12
2026-09-30,fll-3000,FEELLIFE,老眼鏡,fll-3000-2-15,15,0,18,0,3,0,32
2026-09-30,fll-3000,FEELLIFE,老眼鏡,fll-3000-2-20,20,0,17,0,0,0,0
2026-09-30,fll-3000,FEELLIFE,老眼鏡,fll-3000-2-25,25,0,14,0,0,0,0
2026-09-30,fll-3004,FEELLIFE,老眼鏡,fll-3004-1-05,5,0,14,0,9,0,37
2026-09-30,fll-3004,FEELLIFE,老眼鏡,fll-3004-1-10,10,0,15,0,11,0,42
2026-09-30,fll-3004,FEELLIFE,老眼鏡,fll-3004-1-15,15,0,15,0,10,0,51
2026-09-30,fll-3004,FEELLIFE,老眼鏡,fll-3004-1-20,20,0,15,0,15,0,0
2026-09-30,fll-3004,FEELLIFE,老眼鏡,fll-3004-1-25,25,0,18,0,27,0,12
2026-09-30,fll-3004,FEELLIFE,老眼鏡,fll-3004-2-05,5,0,14,0,0,0,14
2026-09-30,fll-3004,FEELLIFE,老眼鏡,fll-3004-2-10,10,0,25,0,0,0,0
2026-09-30,fll-3004,FEELLIFE,老眼鏡,fll-3004-2-15,15,0,14,0,9,0,0
2026-09-30,fll-3004,FEELLIFE,老眼鏡,fll-3004-2-20,20,0,15,0,0,0,0
2026-09-30,fll-3004,FEELLIFE,老眼鏡,fll-3004-2-25,25,0,15,0,7,0,45
2026-09-30,fll-3004,FEELLIFE,老眼鏡,fll-3004-3-05,5,0,15,0,4,0,12
2026-09-30,fll-3004,FEELLIFE,老眼鏡,fll-3004-3-10,10,0,15,0,3,0,26
2026-09-30,fll-3004,FEELLIFE,老眼鏡,fll-3004-3-15,15,0,14,0,3,0,0
2026-09-30,fll-3004,FEELLIFE,老眼鏡,fll-3004-3-20,20,0,14,0,7,7,0
2026-09-30,fll-3004,FEELLIFE,老眼鏡,fll-3004-3-25,25,0,15,0,7,0,25
2026-09-30,fll-4000,FEELLIFE,老眼鏡,fll-4000-1-05,5,0,0,1,0,0,0
2026-09-30,fll-4000,FEELLIFE,老眼鏡,fll-4000-1-10,10,5,0,2,0,0,0
2026-09-30,fll-4000,FEELLIFE,老眼鏡,fll-4000-1-15,15,6,0,13,0,0,0
2026-09-30,fll-4000,FEELLIFE,老眼鏡,fll-4000-1-20,20,5,0,6,0,5,0
2026-09-30,fll-4000,FEELLIFE,老眼鏡,fll-4000-1-25,25,1,0,14,0,0,0
2026-09-30,fll-4000,FEELLIFE,老眼鏡,fll-4000-2-05,5,11,0,14,0,0,23
2026-09-30,fll-4000,FEELLIFE,老眼鏡,fll-4000-2-10,10,6,0,9,0,0,0
2026-09-30,fll-4000,FEELLIFE,老眼鏡,fll-4000-2-15,15,3,0,14,0,0,3
2026-09-30,fll-4000,FEELLIFE,老眼鏡,fll-4000-2-20,20,3,0,3,0,0,0
2026-09-30,fll-4000,FEELLIFE,老眼鏡,fll-4000-2-25,25,4,0,7,0,0,0
2026-09-30,fll-4000,FEELLIFE,老眼鏡,fll-4000-3-05,5,6,0,13,0,0,8
2026-09-30,fll-4000,FEELLIFE,老眼鏡,fll-4000-3-10,10,6,0,1,0,0,0
2026-09-30,fll-4000,FEELLIFE,老眼鏡,fll-4000-3-15,15,4,0,8,0,0,0
2026-09-30,fll-4000,FEELLIFE,老眼鏡,fll-4000-3-20,20,5,0,1,0,0,0
2026-09-30,fll-4000,FEELLIFE,老眼鏡,fll-4000-3-25,25,3,0,14,0,0,2
2026-09-30,flm-001,FEELLIFE,老眼鏡,flm-001-1-10,10,0,14,0,5,0,11
2026-09-30,flm-001,FEELLIFE,老眼鏡,flm-001-1-15,15,0,16,0,7,0,136
2026-09-30,flm-001,FEELLIFE,老眼鏡,flm-001-1-20,20,0,21,0,8,0,45
2026-09-30,flm-001,FEELLIFE,老眼鏡,flm-001-1-25,25,0,16,0,6,0,35
2026-09-30,flm-001,FEELLIFE,老眼鏡,flm-001-1-30,30,0,18,0,5,0,0
2026-09-30,flm-001,FEELLIFE,老眼鏡,flm-001-2-10,10,0,20,0,10,0,0
2026-09-30,flm-001,FEELLIFE,老眼鏡,flm-001-2-15,15,0,17,0,10,0,94
2026-09-30,flm-001,FEELLIFE,老眼鏡,flm-001-2-20,20,0,22,0,10,0,67
2026-09-30,flm-001,FEELLIFE,老眼鏡,flm-001-2-25,25,0,23,0,11,0,7
2026-09-30,flm-001,FEELLIFE,老眼鏡,flm-001-2-30,30,0,23,0,7,0,4
2026-09-30,flm-002,FEELLIFE,老眼鏡,flm-002-1-10,10,0,25,0,6,0,69
2026-09-30,flm-002,FEELLIFE,老眼鏡,flm-002-1-15,15,0,24,0,12,0,75
2026-09-30,flm-002,FEELLIFE,老眼鏡,flm-002-1-20,20,0,22,0,10,0,29
2026-09-30,flm-002,FEELLIFE,老眼鏡,flm-002-1-25,25,0,25,0,8,0,16
2026-09-30,flm-002,FEELLIFE,老眼鏡,flm-002-1-30,30,0,8,0,3,0,0
2026-09-30,flm-002,FEELLIFE,老眼鏡,flm-002-2-10,10,0,23,0,10,1,53
2026-09-30,flm-002,FEELLIFE,老眼鏡,flm-002-2-15,15,0,27,0,10,0,37
2026-09-30,flm-002,FEELLIFE,老眼鏡,flm-002-2-20,20,0,24,0,7,0,77
2026-09-30,flm-002,FEELLIFE,老眼鏡,flm-002-2-25,25,0,24,0,6,0,0
2026-09-30,flm-002,FEELLIFE,老眼鏡,flm-002-2-30,30,0,25,0,6,0,0
2026-09-30,flm-006,FEELLIFE,老眼鏡,flm-006-1-10,10,0,22,0,2,0,40
2026-09-30,flm-006,FEELLIFE,老眼鏡,flm-006-1-15,15,0,22,0,3,0,32
2026-09-30,flm-006,FEELLIFE,老眼鏡,flm-006-1-20,20,0,24,0,7,0,56
2026-09-30,flm-006,FEELLIFE,老眼鏡,flm-006-1-25,25,0,17,0,0,0,0
2026-09-30,flm-006,FEELLIFE,老眼鏡,flm-006-1-30,30,0,19,0,7,0,0
2026-09-30,flm-006,FEELLIFE,老眼鏡,flm-006-2-10,10,0,21,0,6,0,0
2026-09-30,flm-006,FEELLIFE,老眼鏡,flm-006-2-15,15,0,23,0,4,0,55
2026-09-30,flm-006,FEELLIFE,老眼鏡,flm-006-2-20,20,0,22,0,4,0,38
2026-09-30,flm-006,FEELLIFE,老眼鏡,flm-006-2-25,25,0,18,0,0,0,0
2026-09-30,flm-006,FEELLIFE,老眼鏡,flm-006-2-30,30,0,9,0,0,0,0
2026-09-30,flw-001,FEELLIFE,調光サングラス,flw-001-002-1,0,0,20,15,0,0,47
2026-09-30,flw-001,FEELLIFE,調光サングラス,flw-001-002-2,0,0,19,18,0,0,109
2026-09-30,flw-001,FEELLIFE,調光サングラス,flw-001-002-3,0,0,19,19,0,0,96
2026-09-30,flw-001,FEELLIFE,調光サングラス,flw-001-002-4,0,0,20,20,0,0,41
2026-09-30,flw-002,FEELLIFE,調光サングラス,flw-001-002-1a,0,0,0,0,0,0,0
2026-09-30,flw-002,FEELLIFE,調光サングラス,flw-001-002-2a,0,0,0,0,0,0,0
2026-09-30,flw-002,FEELLIFE,調光サングラス,flw-001-002-3a,0,0,0,0,0,0,0
2026-09-30,flw-002,FEELLIFE,調光サングラス,flw-001-002-4a,0,0,20,18,0,0,0
2026-09-30,ph5099,GGeyewear,調光サングラス,ph5099-1,0,0,18,14,0,0,187
2026-09-30,ph5099,GGeyewear,調光サングラス,ph5099-2,0,0,20,13,0,0,362
2026-09-30,ph5099,GGeyewear,調光サングラス,ph5099-12,0,0,14,14,0,27,359
2026-09-30,si-01sap,SHIORI,老眼鏡,si-01sa-1-15,15,0,6,15,0,0,0
2026-09-30,si-01sap,SHIORI,老眼鏡,si-01sa-1-20,20,0,12,14,0,0,0
2026-09-30,si-01sap,SHIORI,老眼鏡,si-01sa-1-25,25,0,0,6,0,0,0
2026-09-30,si-01sap,SHIORI,老眼鏡,si-01sa-1-30,30,0,8,5,0,0,0
2026-09-30,si-01sap,SHIORI,老眼鏡,si-01sa-2-15,15,0,13,15,0,0,0
2026-09-30,si-01sap,SHIORI,老眼鏡,si-01sa-2-20,20,0,17,13,0,0,0
2026-09-30,si-01sap,SHIORI,老眼鏡,si-01sa-2-25,25,0,0,0,0,0,0
2026-09-30,si-01sap,SHIORI,老眼鏡,si-01sa-2-30,30,0,0,1,0,0,0
2026-09-30,si-01sap,SHIORI,老眼鏡,si-01sa-3-15,15,0,12,15,0,0,0
2026-09-30,si-01sap,SHIORI,老眼鏡,si-01sa-3-20,20,0,13,6,0,0,0
2026-09-30,si-01sap,SHIORI,老眼鏡,si-01sa-3-25,25,0,4,0,0,0,0
2026-09-30,si-01sap,SHIORI,老眼鏡,si-01sa-3-30,30,0,7,2,0,0,0
2026-09-30,si-08r,SHIORI,老眼鏡,si-08r-1-15,15,0,19,9,0,0,5
2026-09-30,si-08r,SHIORI,老眼鏡,si-08r-1-20,20,0,15,9,0,0,4
2026-09-30,si-08r,SHIORI,老眼鏡,si-08r-1-25,25,0,10,6,0,0,0
2026-09-30,si-08r,SHIORI,老眼鏡,si-08r-2-15,15,0,15,15,0,0,43
2026-09-30,si-08r,SHIORI,老眼鏡,si-08r-2-20,20,0,15,13,0,0,34
2026-09-30,si-08r,SHIORI,老眼鏡,si-08r-2-25,25,0,15,12,0,0,26
2026-09-30,si-08r,SHIORI,老眼鏡,si-08r-3-15,15,0,29,10,0,0,9
2026-09-30,si-08r,SHIORI,老眼鏡,si-08r-3-20,20,0,17,9,0,0,39
2026-09-30,si-08r,SHIORI,老眼鏡,si-08r-3-25,25,0,15,8,0,0,11
2026-09-30,si-09,SHIORI,老眼鏡,si-09-1-15,15,0,17,9,0,0,0
2026-09-30,si-09,SHIORI,老眼鏡,si-09-1-20,20,0,0,11,0,0,0
2026-09-30,si-09,SHIORI,老眼鏡,si-09-1-25,25,0,20,10,0,13,13
2026-09-30,si-09,SHIORI,老眼鏡,si-09-1-30,30,0,18,11,0,0,13
2026-09-30,si-09,SHIORI,老眼鏡,si-09-2-15,15,0,15,10,0,0,4
2026-09-30,si-09,SHIORI,老眼鏡,si-09-2-20,20,0,0,1,0,0,0
2026-09-30,si-09,SHIORI,老眼鏡,si-09-2-25,25,0,18,0,0,0,0
2026-09-30,si-09,SHIORI,老眼鏡,si-09-2-30,30,0,9,13,0,0,0
2026-09-30,si-09,SHIORI,老眼鏡,si-09-3-15,15,0,14,10,0,0,0
2026-09-30,si-09,SHIORI,老眼鏡,si-09-3-20,20,0,13,11,0,0,19
2026-09-30,si-09,SHIORI,老眼鏡,si-09-3-25,25,0,13,9,0,0,26
2026-09-30,si-09,SHIORI,老眼鏡,si-09-3-30,30,0,2,9,0,0,0
2026-09-30,si-10,SHIORI,老眼鏡,si-10-1-15,15,0,13,9,0,0,98
2026-09-30,si-10,SHIORI,老眼鏡,si-10-1-20,20,0,14,9,0,0,28
2026-09-30,si-10,SHIORI,老眼鏡,si-10-1-25,25,0,12,12,0,0,20
2026-09-30,si-10,SHIORI,老眼鏡,si-10-1-30,30,0,15,5,0,0,10
2026-09-30,si-10,SHIORI,老眼鏡,si-10-2-15,15,0,14,12,0,0,32
2026-09-30,si-10,SHIORI,老眼鏡,si-10-2-20,20,0,15,11,0,0,1
2026-09-30,si-10,SHIORI,老眼鏡,si-10-2-25,25,0,18,10,0,0,1
2026-09-30,si-10,SHIORI,老眼鏡,si-10-2-30,30,0,10,1,0,0,0
2026-09-30,si-10,SHIORI,老眼鏡,si-10-3-15,15,0,13,9,0,0,2
2026-09-30,si-10,SHIORI,老眼鏡,si-10-3-20,20,0,13,9,0,0,1
2026-09-30,si-10,SHIORI,老眼鏡,si-10-3-25,25,0,12,9,0,0,0
2026-09-30,si-10,SHIORI,老眼鏡,si-10-3-30,30,0,15,6,0,0,0
2026-09-30,si-10,SHIORI,老眼鏡,si-10-4-15,15,0,14,10,0,0,22
2026-09-30,si-10,SHIORI,老眼鏡,si-10-4-20,20,0,8,11,0,0,0
2026-09-30,si-10,SHIORI,老眼鏡,si-10-4-25,25,0,17,11,0,0,2
2026-09-30,si-10,SHIORI,老眼鏡,si-10-4-30,30,0,9,8,0,0,0
2026-09-30,si-11,SHIORI,老眼鏡,si-11-1-10,10,0,14,9,0,0,27
2026-09-30,si-11,SHIORI,老眼鏡,si-11-1-15,15,0,7,0,0,0,0
2026-09-30,si-11,SHIORI,老眼鏡,si-11-1-20,20,0,21,10,0,0,64
2026-09-30,si-11,SHIORI,老眼鏡,si-11-1-25,25,0,14,12,0,0,32
2026-09-30,si-11,SHIORI,老眼鏡,si-11-2-10,10,0,13,6,0,0,0
2026-09-30,si-11,SHIORI,老眼鏡,si-11-2-15,15,0,0,0,0,0,0
2026-09-30,si-11,SHIORI,老眼鏡,si-11-2-20,20,0,18,0,0,1,0
2026-09-30,si-11,SHIORI,老眼鏡,si-11-2-25,25,0,19,9,0,0,2
2026-09-30,si-11,SHIORI,老眼鏡,si-11-3-10,10,0,15,9,0,1,8
2026-09-30,si-11,SHIORI,老眼鏡,si-11-3-15,15,0,0,0,0,1,0
2026-09-30,si-11,SHIORI,老眼鏡,si-11-3-20,20,0,13,6,0,0,0
2026-09-30,si-11,SHIORI,老眼鏡,si-11-3-25,25,0,13,13,0,0,11
2026-09-30,si-13,SHIORI,老眼鏡,si-13-1-15,15,0,17,15,0,0,30
2026-09-30,si-13,SHIORI,老眼鏡,si-13-1-20,20,0,13,14,0,0,23
2026-09-30,si-13,SHIORI,老眼鏡,si-13-1-25,25,0,18,14,0,0,46
2026-09-30,si-13,SHIORI,老眼鏡,si-13-1-30,30,0,20,14,0,0,26
2026-09-30,si-13,SHIORI,老眼鏡,si-13-2-15,15,0,14,14,0,0,15
2026-09-30,si-13,SHIORI,老眼鏡,si-13-2-20,20,0,18,14,0,0,31
2026-09-30,si-13,SHIORI,老眼鏡,si-13-2-25,25,0,17,15,0,0,43
2026-09-30,si-13,SHIORI,老眼鏡,si-13-2-30,30,0,20,15,0,0,2
2026-09-30,si-13,SHIORI,老眼鏡,si-13-3-15,15,0,20,15,0,0,13
2026-09-30,si-13,SHIORI,老眼鏡,si-13-3-20,20,0,19,14,0,17,31
2026-09-30,si-13,SHIORI,老眼鏡,si-13-3-25,25,0,18,15,0,0,45
2026-09-30,si-13,SHIORI,老眼鏡,si-13-3-30,30,0,17,13,0,0,18
2026-09-30,si-13ph,SHIORI,調光老眼鏡,si-13ph-1-10,10,0,10,10,0,0,0
2026-09-30,si-13ph,SHIORI,調光老眼鏡,si-13ph-1-15,15,0,13,15,0,0,34
2026-09-30,si-13ph,SHIORI,調光老眼鏡,si-13ph-1-20,20,0,13,15,0,0,5
2026-09-30,si-13ph,SHIORI,調光老眼鏡,si-13ph-2-10,10,0,14,15,0,0,3
2026-09-30,si-13ph,SHIORI,調光老眼鏡,si-13ph-2-15,15,0,13,14,0,0,21
2026-09-30,si-13ph,SHIORI,調光老眼鏡,si-13ph-2-20,20,0,8,14,0,0,0
2026-09-30,si-13ph,SHIORI,調光老眼鏡,si-13ph-3-10,10,0,3,12,0,0,0
2026-09-30,si-13ph,SHIORI,調光老眼鏡,si-13ph-3-15,15,0,14,15,0,0,19
2026-09-30,si-13ph,SHIORI,調光老眼鏡,si-13ph-3-20,20,0,12,11,0,0,0
2026-09-30,spc-006,SPC,老眼鏡,spc-006-1-10,10,0,8,0,41,0,0
2026-09-30,spc-006,SPC,老眼鏡,spc-006-1-15,15,0,13,0,11,0,0
2026-09-30,spc-006,SPC,老眼鏡,spc-006-1-20,20,0,14,0,13,0,0
2026-09-30,spc-006,SPC,老眼鏡,spc-006-1-25,25,0,18,0,8,0,0
2026-09-30,spc-006,SPC,老眼鏡,spc-006-2-10,10,0,0,0,11,0,0
2026-09-30,spc-006,SPC,老眼鏡,spc-006-2-15,15,0,0,0,21,0,0
2026-09-30,spc-006,SPC,老眼鏡,spc-006-2-20,20,0,0,0,12,0,0
2026-09-30,spc-006,SPC,老眼鏡,spc-006-2-25,25,0,0,0,0,0,0
2026-09-30,spc-006,SPC,老眼鏡,spc-006-3-10,10,0,0,0,0,0,1
2026-09-30,spc-006,SPC,老眼鏡,spc-006-3-15,15,0,0,0,2,0,2
2026-09-30,spc-006,SPC,老眼鏡,spc-006-3-20,20,0,0,0,4,0,2
2026-09-30,spc-006,SPC,老眼鏡,spc-006-3-25,25,0,0,0,6,0,4
2026-09-30,spc-007,SPC,老眼鏡,spc-007-2-10,10,0,10,0,9,0,31
2026-09-30,spc-007,SPC,老眼鏡,spc-007-2-15,15,0,9,0,13,0,48
2026-09-30,spc-007,SPC,老眼鏡,spc-007-2-20,20,0,4,0,7,0,4
2026-09-30,spc-007,SPC,老眼鏡,spc-007-2-25,25,0,0,0,0,0,0
2026-09-30,spc-007,SPC,老眼鏡,spc-007-3-10,10,0,0,0,48,0,13
2026-09-30,spc-007,SPC,老眼鏡,spc-007-3-15,15,0,0,0,70,0,16
2026-09-30,spc-007,SPC,老眼鏡,spc-007-3-20,20,0,0,0,53,0,1
2026-09-30,spc-007,SPC,老眼鏡,spc-007-3-25,25,0,0,0,44,0,10
2026-10-01,fisi-05,SHIORI,老眼鏡,fisi-05-1-10,10,0,27,11,0,0,0
2026-10-01,fisi-05,SHIORI,老眼鏡,fisi-05-1-15,15,0,21,14,0,0,78
2026-10-01,fisi-05,SHIORI,老眼鏡,fisi-05-1-20,20,0,28,14,0,0,79
2026-10-01,fisi-05,SHIORI,老眼鏡,fisi-05-1-25,25,0,24,15,0,0,25
2026-10-01,fisi-05,SHIORI,老眼鏡,fisi-05-1-30,30,0,7,14,0,0,0
2026-10-01,fisi-05,SHIORI,老眼鏡,fisi-05-2-10,10,0,27,14,0,1,4
2026-10-01,fisi-05,SHIORI,老眼鏡,fisi-05-2-15,15,0,19,15,0,0,34
2026-10-01,fisi-05,SHIORI,老眼鏡,fisi-05-2-20,20,0,12,15,0,0,109
2026-10-01,fisi-05,SHIORI,老眼鏡,fisi-05-2-25,25,0,26,15,0,0,8
2026-10-01,fisi-05,SHIORI,老眼鏡,fisi-05-2-30,30,0,0,4,0,0,0
2026-10-01,fisi-05,SHIORI,老眼鏡,fisi-05-3-10,10,0,2,14,0,0,0
2026-10-01,fisi-05,SHIORI,老眼鏡,fisi-05-3-15,15,0,0,10,0,0,0
2026-10-01,fisi-05,SHIORI,老眼鏡,fisi-05-3-20,20,0,0,11,0,0,0
2026-10-01,fisi-05,SHIORI,老眼鏡,fisi-05-3-25,25,0,0,11,0,0,0
2026-10-01,fisi-05,SHIORI,老眼鏡,fisi-05-3-30,30,0,0,4,0,0,0
2026-10-01,fisi-05,SHIORI,老眼鏡,fisi-05-4-10,10,0,25,14,0,0,77
2026-10-01,fisi-05,SHIORI,老眼鏡,fisi-05-4-15,15,0,24,14,0,0,87
2026-10-01,fisi-05,SHIORI,老眼鏡,fisi-05-4-20,20,0,28,14,0,0,21
2026-10-01,fisi-05,SHIORI,老眼鏡,fisi-05-4-25,25,0,22,10,0,0,0
2026-10-01,fisi-05,SHIORI,老眼鏡,fisi-05-4-30,30,0,21,13,0,0,0
2026-10-01,fl-3000,FEELLIFE,老眼鏡,fl-3000-1-05,5,0,19,1,0,0,0
2026-10-01,fl-3000,FEELLIFE,老眼鏡,fl-3000-1-10,10,0,18,0,0,0,0
2026-10-01,fl-3000,FEELLIFE,老眼鏡,fl-3000-1-15,15,0,18,16,0,0,0
2026-10-01,fl-3000,FEELLIFE,老眼鏡,fl-3000-1-20,20,0,20,7,0,0,0
2026-10-01,fl-3000,FEELLIFE,老眼鏡,fl-3000-1-25,25,0,6,4,0,0,0
2026-10-01,fl-3000,FEELLIFE,老眼鏡,fl-3000-2-05,5,0,3,0,0,0,0
2026-10-01,fl-3000,FEELLIFE,老眼鏡,fl-3000-2-10,10,0,19,0,0,0,0
2026-10-01,fl-3000,FEELLIFE,老眼鏡,fl-3000-2-15,15,0,19,7,0,0,0
2026-10-01,fl-3000,FEELLIFE,老眼鏡,fl-3000-2-20,20,0,19,6,0,0,0
2026-10-01,fl-3000,FEELLIFE,老眼鏡,fl-3000-2-25,25,0,5,0,0,0,0
2026-10-01,fl-3000,FEELLIFE,老眼鏡,fl-3000-3-05,5,0,19,12,0,0,0
2026-10-01,fl-3000,FEELLIFE,老眼鏡,fl-3000-3-10,10,0,15,0,0,0,0
2026-10-01,fl-3000,FEELLIFE,老眼鏡,fl-3000-3-15,15,0,15,0,0,0,0
2026-10-01,fl-3000,FEELLIFE,老眼鏡,fl-3000-3-20,20,0,6,0,0,0,0
2026-10-01,fl-3000,FEELLIFE,老眼鏡,fl-3000-3-25,25,0,4,0,0,0,0
2026-10-01,flc-002,FEELLIFE,老眼鏡,flc-002-1-10,10,0,13,0,0,0,0
2026-10-01,flc-002,FEELLIFE,老眼鏡,flc-002-1-15,15,0,20,0,0,0,0
2026-10-01,flc-002,FEELLIFE,老眼鏡,flc-002-1-20,20,0,20,0,0,0,20
2026-10-01,flc-002,FEELLIFE,老眼鏡,flc-002-1-25,25,0,20,0,13,0,6
2026-10-01,flc-002,FEELLIFE,老眼鏡,flc-002-1-30,30,0,20,0,2,0,0
2026-10-01,flc-002,FEELLIFE,老眼鏡,flc-002-2-10,10,0,20,0,0,0,41
2026-10-01,flc-002,FEELLIFE,老眼鏡,flc-002-2-15,15,0,19,0,0,0,119
2026-10-01,flc-002,FEELLIFE,老眼鏡,flc-002-2-20,20,0,21,0,0,0,182
2026-10-01,flc-002,FEELLIFE,老眼鏡,flc-002-2-25,25,0,20,0,10,0,23
2026-10-01,flc-002,FEELLIFE,老眼鏡,flc-002-2-30,30,0,19,0,4,0,31
2026-10-01,flh-001ph,FEELLIFE,老眼鏡,flh-001ph-1-10,10,0,20,0,22,0,28
2026-10-01,flh-001ph,FEELLIFE,老眼鏡,flh-001ph-1-15,15,0,18,0,9,0,30
2026-10-01,flh-001ph,FEELLIFE,老眼鏡,flh-001ph-1-20,20,0,20,0,11,0,41
2026-10-01,flh-001ph,FEELLIFE,老眼鏡,flh-001ph-2-10,10,0,20,0,25,0,35
2026-10-01,flh-001ph,FEELLIFE,老眼鏡,flh-001ph-2-15,15,0,18,0,10,0,23
2026-10-01,flh-001ph,FEELLIFE,老眼鏡,flh-001ph-2-20,20,0,20,0,9,0,25
2026-10-01,flk-001,FEELLIFE,老眼鏡,flk-001-1-10,10,0,7,0,0,0,0
2026-10-01,flk-001,FEELLIFE,老眼鏡,flk-001-1-15,15,0,0,0,0,0,0
2026-10-01,flk-001,FEELLIFE,老眼鏡,flk-001-1-20,20,0,0,0,0,0,0
2026-10-01,flk-001,FEELLIFE,老眼鏡,flk-001-1-25,25,0,5,0,0,0,0
2026-10-01,flk-001,FEELLIFE,老眼鏡,flk-001-2-10,10,0,6,0,0,0,0
2026-10-01,flk-001,FEELLIFE,老眼鏡,flk-001-2-15,15,0,0,0,0,0,0
2026-10-01,flk-001,FEELLIFE,老眼鏡,flk-001-2-20,20,0,0,0,0,0,0
2026-10-01,flk-001,FEELLIFE,老眼鏡,flk-001-2-25,25,0,4,0,0,0,0
2026-10-01,flk-001,FEELLIFE,老眼鏡,flk-001-3-10,10,0,12,14,0,0,0
2026-10-01,flk-001,FEELLIFE,老眼鏡,flk-001-3-15,15,0,7,0,0,0,0
2026-10-01,flk-001,FEELLIFE,老眼鏡,flk-001-3-20,20,0,9,0,0,0,0
2026-10-01,flk-001,FEELLIFE,老眼鏡,flk-001-3-25,25,0,9,0,0,0,0
2026-10-01,fll-006,FEELLIFE,老眼鏡,fll-006-1-10,10,0,10,0,1,0,0
2026-10-01,fll-006,FEELLIFE,老眼鏡,fll-006-1-15,15,0,13,0,5,0,11
2026-10-01,fll-006,FEELLIFE,老眼鏡,fll-006-1-20,20,0,15,0,6,0,7
2026-10-01,fll-006,FEELLIFE,老眼鏡,fll-006-1-25,25,0,13,0,9,0,91
2026-10-01,fll-006,FEELLIFE,老眼鏡,fll-006-1-30,30,0,11,0,8,0,30
2026-10-01,fll-006,FEELLIFE,老眼鏡,fll-006-2-10,10,0,14,0,5,0,19
2026-10-01,fll-006,FEELLIFE,老眼鏡,fll-006-2-15,15,0,13,0,0,0,18
2026-10-01,fll-006,FEELLIFE,老眼鏡,fll-006-2-20,20,0,16,0,0,0,0
2026-10-01,fll-006,FEELLIFE,老眼鏡,fll-006-2-25,25,0,15,0,6,0,15
2026-10-01,fll-006,FEELLIFE,老眼鏡,fll-006-2-30,30,0,13,0,4,0,11
2026-10-01,fll-3000,FEELLIFE,老眼鏡,fll-3000-1-05,5,0,14,0,11,0,11
2026-10-01,fll-3000,FEELLIFE,老眼鏡,fll-3000-1-10,10,0,15,0,4,0,0
2026-10-01,fll-3000,FEELLIFE,老眼鏡,fll-3000-1-15,15,0,18,0,7,0,7
2026-10-01,fll-3000,FEELLIFE,老眼鏡,fll-3000-1-20,20,0,19,0,0,0,0
2026-10-01,fll-3000,FEELLIFE,老眼鏡,fll-3000-1-25,25,0,16,0,0,0,0
2026-10-01,fll-3000,FEELLIFE,老眼鏡,fll-3000-2-05,5,0,14,0,7,0,98
2026-10-01,fll-3000,FEELLIFE,老眼鏡,fll-3000-2-10,10,0,15,0,8,0,12
2026-10-01,fll-3000,FEELLIFE,老眼鏡,fll-3000-2-15,15,0,18,0,3,0,32
2026-10-01,fll-3000,FEELLIFE,老眼鏡,fll-3000-2-20,20,0,17,0,0,0,0
2026-10-01,fll-3000,FEELLIFE,老眼鏡,fll-3000-2-25,25,0,14,0,0,0,0
2026-10-01,fll-3004,FEELLIFE,老眼鏡,fll-3004-1-05,5,0,14,0,8,0,37
2026-10-01,fll-3004,FEELLIFE,老眼鏡,fll-3004-1-10,10,0,15,0,11,0,42
2026-10-01,fll-3004,FEELLIFE,老眼鏡,fll-3004-1-15,15,0,15,0,10,0,51
2026-10-01,fll-3004,FEELLIFE,老眼鏡,fll-3004-1-20,20,0,15,0,14,0,0
2026-10-01,fll-3004,FEELLIFE,老眼鏡,fll-3004-1-25,25,0,18,0,27,0,12
2026-10-01,fll-3004,FEELLIFE,老眼鏡,fll-3004-2-05,5,0,14,0,0,0,14
2026-10-01,fll-3004,FEELLIFE,老眼鏡,fll-3004-2-10,10,0,25,0,0,0,0
2026-10-01,fll-3004,FEELLIFE,老眼鏡,fll-3004-2-15,15,0,14,0,9,0,0
2026-10-01,fll-3004,FEELLIFE,老眼鏡,fll-3004-2-20,20,0,15,0,0,0,0
2026-10-01,fll-3004,FEELLIFE,老眼鏡,fll-3004-2-25,25,0,15,0,7,0,45
2026-10-01,fll-3004,FEELLIFE,老眼鏡,fll-3004-3-05,5,0,15,0,3,0,12
2026-10-01,fll-3004,FEELLIFE,老眼鏡,fll-3004-3-10,10,0,14,0,2,0,26
2026-10-01,fll-3004,FEELLIFE,老眼鏡,fll-3004-3-15,15,0,14,0,3,0,0
2026-10-01,fll-3004,FEELLIFE,老眼鏡,fll-3004-3-20,20,0,14,0,7,7,0
2026-10-01,fll-3004,FEELLIFE,老眼鏡,fll-3004-3-25,25,0,15,0,6,0,25
2026-10-01,fll-4000,FEELLIFE,老眼鏡,fll-4000-1-05,5,0,0,0,0,0,0
2026-10-01,fll-4000,FEELLIFE,老眼鏡,fll-4000-1-10,10,5,0,2,0,0,0
2026-10-01,fll-4000,FEELLIFE,老眼鏡,fll-4000-1-15,15,6,0,12,0,0,0
2026-10-01,fll-4000,FEELLIFE,老眼鏡,fll-4000-1-20,20,5,0,5,0,5,0
2026-10-01,fll-4000,FEELLIFE,老眼鏡,fll-4000-1-25,25,1,0,14,0,0,0
2026-10-01,fll-4000,FEELLIFE,老眼鏡,fll-4000-2-05,5,10,0,13,0,0,23
2026-10-01,fll-4000,FEELLIFE,老眼鏡,fll-4000-2-10,10,6,0,9,0,0,0
2026-10-01,fll-4000,FEELLIFE,老眼鏡,fll-4000-2-15,15,3,0,12,0,0,3
2026-10-01,fll-4000,FEELLIFE,老眼鏡,fll-4000-2-20,20,3,0,3,0,0,0
2026-10-01,fll-4000,FEELLIFE,老眼鏡,fll-4000-2-25,25,4,0,7,0,0,0
2026-10-01,fll-4000,FEELLIFE,老眼鏡,fll-4000-3-05,5,6,0,11,0,0,8
2026-10-01,fll-4000,FEELLIFE,老眼鏡,fll-4000-3-10,10,6,0,0,0,0,0
2026-10-01,fll-4000,FEELLIFE,老眼鏡,fll-4000-3-15,15,4,0,8,0,0,0
2026-10-01,fll-4000,FEELLIFE,老眼鏡,fll-4000-3-20,20,5,0,1,0,0,0
2026-10-01,fll-4000,FEELLIFE,老眼鏡,fll-4000-3-25,25,3,0,14,0,0,2
2026-10-01,flm-001,FEELLIFE,老眼鏡,flm-001-1-10,10,0,13,0,5,0,11
2026-10-01,flm-001,FEELLIFE,老眼鏡,flm-001-1-15,15,0,14,0,7,0,136
2026-10-01,flm-001,FEELLIFE,老眼鏡,flm-001-1-20,20,0,17,0,7,0,45
2026-10-01,flm-001,FEELLIFE,老眼鏡,flm-001-1-25,25,0,15,0,6,0,35
2026-10-01,flm-001,FEELLIFE,老眼鏡,flm-001-1-30,30,0,18,0,5,0,0
2026-10-01,flm-001,FEELLIFE,老眼鏡,flm-001-2-10,10,0,19,0,10,0,0
2026-10-01,flm-001,FEELLIFE,老眼鏡,flm-001-2-15,15,0,17,0,10,0,94
2026-10-01,flm-001,FEELLIFE,老眼鏡,flm-001-2-20,20,0,21,0,10,0,67
2026-10-01,flm-001,FEELLIFE,老眼鏡,flm-001-2-25,25,0,23,0,11,0,7
2026-10-01,flm-001,FEELLIFE,老眼鏡,flm-001-2-30,30,0,23,0,7,0,4
2026-10-01,flm-002,FEELLIFE,老眼鏡,flm-002-1-10,10,0,24,0,6,0,69
2026-10-01,flm-002,FEELLIFE,老眼鏡,flm-002-1-15,15,0,24,0,12,0,75
2026-10-01,flm-002,FEELLIFE,老眼鏡,flm-002-1-20,20,0,20,0,10,0,29
2026-10-01,flm-002,FEELLIFE,老眼鏡,flm-002-1-25,25,0,25,0,8,0,16
2026-10-01,flm-002,FEELLIFE,老眼鏡,flm-002-1-30,30,0,8,0,3,0,0
2026-10-01,flm-002,FEELLIFE,老眼鏡,flm-002-2-10,10,0,23,0,10,1,53
2026-10-01,flm-002,FEELLIFE,老眼鏡,flm-002-2-15,15,0,27,0,10,0,37
2026-10-01,flm-002,FEELLIFE,老眼鏡,flm-002-2-20,20,0,24,0,7,0,77
2026-10-01,flm-002,FEELLIFE,老眼鏡,flm-002-2-25,25,0,24,0,5,0,0
2026-10-01,flm-002,FEELLIFE,老眼鏡,flm-002-2-30,30,0,25,0,6,0,0
2026-10-01,flm-006,FEELLIFE,老眼鏡,flm-006-1-10,10,0,22,0,2,0,40
2026-10-01,flm-006,FEELLIFE,老眼鏡,flm-006-1-15,15,0,22,0,3,0,32
2026-10-01,flm-006,FEELLIFE,老眼鏡,flm-006-1-20,20,0,24,0,7,0,56
2026-10-01,flm-006,FEELLIFE,老眼鏡,flm-006-1-25,25,0,17,0,0,0,0
2026-10-01,flm-006,FEELLIFE,老眼鏡,flm-006-1-30,30,0,19,0,7,0,0
2026-10-01,flm-006,FEELLIFE,老眼鏡,flm-006-2-10,10,0,21,0,6,0,0
2026-10-01,flm-006,FEELLIFE,老眼鏡,flm-006-2-15,15,0,23,0,4,0,55
2026-10-01,flm-006,FEELLIFE,老眼鏡,flm-006-2-20,20,0,22,0,4,0,38
2026-10-01,flm-006,FEELLIFE,老眼鏡,flm-006-2-25,25,0,18,0,0,0,0
2026-10-01,flm-006,FEELLIFE,老眼鏡,flm-006-2-30,30,0,9,0,0,0,0
2026-10-01,flw-001,FEELLIFE,調光サングラス,flw-001-002-1,0,0,20,15,0,0,47
2026-10-01,flw-001,FEELLIFE,調光サングラス,flw-001-002-2,0,0,19,18,0,0,109
2026-10-01,flw-001,FEELLIFE,調光サングラス,flw-001-002-3,0,0,19,19,0,0,96
2026-10-01,flw-001,FEELLIFE,調光サングラス,flw-001-002-4,0,0,20,20,0,0,41
2026-10-01,flw-002,FEELLIFE,調光サングラス,flw-001-002-1a,0,0,0,0,0,0,0
2026-10-01,flw-002,FEELLIFE,調光サングラス,flw-001-002-2a,0,0,0,0,0,0,0
2026-10-01,flw-002,FEELLIFE,調光サングラス,flw-001-002-3a,0,0,0,0,0,0,0
2026-10-01,flw-002,FEELLIFE,調光サングラス,flw-001-002-4a,0,0,20,18,0,0,0
2026-10-01,ph5099,GGeyewear,調光サングラス,ph5099-1,0,0,18,14,0,0,187
2026-10-01,ph5099,GGeyewear,調光サングラス,ph5099-2,0,0,20,11,0,0,362
2026-10-01,ph5099,GGeyewear,調光サングラス,ph5099-12,0,0,14,14,0,27,359
2026-10-01,si-01sap,SHIORI,老眼鏡,si-01sa-1-15,15,0,6,15,0,0,69
2026-10-01,si-01sap,SHIORI,老眼鏡,si-01sa-1-20,20,0,17,14,0,0,84
2026-10-01,si-01sap,SHIORI,老眼鏡,si-01sa-1-25,25,0,0,6,0,0,0
2026-10-01,si-01sap,SHIORI,老眼鏡,si-01sa-1-30,30,0,8,4,0,0,0
2026-10-01,si-01sap,SHIORI,老眼鏡,si-01sa-2-15,15,0,14,14,0,0,1
2026-10-01,si-01sap,SHIORI,老眼鏡,si-01sa-2-20,20,0,13,13,0,0,0
2026-10-01,si-01sap,SHIORI,老眼鏡,si-01sa-2-25,25,0,0,0,0,0,0
2026-10-01,si-01sap,SHIORI,老眼鏡,si-01sa-2-30,30,0,0,1,0,0,0
2026-10-01,si-01sap,SHIORI,老眼鏡,si-01sa-3-15,15,0,13,15,0,0,40
2026-10-01,si-01sap,SHIORI,老眼鏡,si-01sa-3-20,20,0,13,6,0,0,0
2026-10-01,si-01sap,SHIORI,老眼鏡,si-01sa-3-25,25,0,3,0,0,0,0
2026-10-01,si-01sap,SHIORI,老眼鏡,si-01sa-3-30,30,0,9,2,0,0,0
2026-10-01,si-08r,SHIORI,老眼鏡,si-08r-1-15,15,0,19,9,0,0,5
2026-10-01,si-08r,SHIORI,老眼鏡,si-08r-1-20,20,0,15,9,0,0,4
2026-10-01,si-08r,SHIORI,老眼鏡,si-08r-1-25,25,0,10,6,0,0,0
2026-10-01,si-08r,SHIORI,老眼鏡,si-08r-2-15,15,0,15,15,0,0,43
2026-10-01,si-08r,SHIORI,老眼鏡,si-08r-2-20,20,0,15,12,0,0,34
2026-10-01,si-08r,SHIORI,老眼鏡,si-08r-2-25,25,0,15,12,0,0,26
2026-10-01,si-08r,SHIORI,老眼鏡,si-08r-3-15,15,0,29,10,0,0,9
2026-10-01,si-08r,SHIORI,老眼鏡,si-08r-3-20,20,0,17,9,0,0,39
2026-10-01,si-08r,SHIORI,老眼鏡,si-08r-3-25,25,0,15,8,0,0,11
2026-10-01,si-09,SHIORI,老眼鏡,si-09-1-15,15,0,17,9,0,0,0
2026-10-01,si-09,SHIORI,老眼鏡,si-09-1-20,20,0,0,11,0,0,0
2026-10-01,si-09,SHIORI,老眼鏡,si-09-1-25,25,0,20,10,0,13,13
2026-10-01,si-09,SHIORI,老眼鏡,si-09-1-30,30,0,18,11,0,0,13
2026-10-01,si-09,SHIORI,老眼鏡,si-09-2-15,15,0,15,10,0,0,4
2026-10-01,si-09,SHIORI,老眼鏡,si-09-2-20,20,0,0,1,0,0,0
2026-10-01,si-09,SHIORI,老眼鏡,si-09-2-25,25,0,18,0,0,0,0
2026-10-01,si-09,SHIORI,老眼鏡,si-09-2-30,30,0,9,13,0,0,0
2026-10-01,si-09,SHIORI,老眼鏡,si-09-3-15,15,0,13,9,0,0,0
2026-10-01,si-09,SHIORI,老眼鏡,si-09-3-20,20,0,13,11,0,0,19
2026-10-01,si-09,SHIORI,老眼鏡,si-09-3-25,25,0,13,9,0,0,26
2026-10-01,si-09,SHIORI,老眼鏡,si-09-3-30,30,0,2,9,0,0,0
2026-10-01,si-10,SHIORI,老眼鏡,si-10-1-15,15,0,13,8,0,0,98
2026-10-01,si-10,SHIORI,老眼鏡,si-10-1-20,20,0,14,9,0,0,28
2026-10-01,si-10,SHIORI,老眼鏡,si-10-1-25,25,0,12,12,0,0,20
2026-10-01,si-10,SHIORI,老眼鏡,si-10-1-30,30,0,15,4,0,0,10
2026-10-01,si-10,SHIORI,老眼鏡,si-10-2-15,15,0,14,12,0,0,32
2026-10-01,si-10,SHIORI,老眼鏡,si-10-2-20,20,0,15,11,0,0,1
2026-10-01,si-10,SHIORI,老眼鏡,si-10-2-25,25,0,16,10,0,0,1
2026-10-01,si-10,SHIORI,老眼鏡,si-10-2-30,30,0,9,1,0,0,0
2026-10-01,si-10,SHIORI,老眼鏡,si-10-3-15,15,0,14,9,0,0,2
2026-10-01,si-10,SHIORI,老眼鏡,si-10-3-20,20,0,13,9,0,0,1
2026-10-01,si-10,SHIORI,老眼鏡,si-10-3-25,25,0,12,9,0,0,0
2026-10-01,si-10,SHIORI,老眼鏡,si-10-3-30,30,0,14,6,0,0,0
2026-10-01,si-10,SHIORI,老眼鏡,si-10-4-15,15,0,14,10,0,0,22
2026-10-01,si-10,SHIORI,老眼鏡,si-10-4-20,20,0,8,11,0,0,0
2026-10-01,si-10,SHIORI,老眼鏡,si-10-4-25,25,0,17,11,0,0,2
2026-10-01,si-10,SHIORI,老眼鏡,si-10-4-30,30,0,9,8,0,0,0
2026-10-01,si-11,SHIORI,老眼鏡,si-11-1-10,10,0,14,9,0,0,27
2026-10-01,si-11,SHIORI,老眼鏡,si-11-1-15,15,0,7,0,0,0,0
2026-10-01,si-11,SHIORI,老眼鏡,si-11-1-20,20,0,21,10,0,0,64
2026-10-01,si-11,SHIORI,老眼鏡,si-11-1-25,25,0,14,12,0,0,32
2026-10-01,si-11,SHIORI,老眼鏡,si-11-2-10,10,0,13,5,0,0,0
2026-10-01,si-11,SHIORI,老眼鏡,si-11-2-15,15,0,0,0,0,0,0
2026-10-01,si-11,SHIORI,老眼鏡,si-11-2-20,20,0,18,0,0,1,0
2026-10-01,si-11,SHIORI,老眼鏡,si-11-2-25,25,0,19,9,0,0,2
2026-10-01,si-11,SHIORI,老眼鏡,si-11-3-10,10,0,15,9,0,1,8
2026-10-01,si-11,SHIORI,老眼鏡,si-11-3-15,15,0,0,0,0,1,0
2026-10-01,si-11,SHIORI,老眼鏡,si-11-3-20,20,0,13,6,0,0,0
2026-10-01,si-11,SHIORI,老眼鏡,si-11-3-25,25,0,13,13,0,0,11
2026-10-01,si-13,SHIORI,老眼鏡,si-13-1-15,15,0,17,15,0,0,30
2026-10-01,si-13,SHIORI,老眼鏡,si-13-1-20,20,0,12,14,0,0,23
2026-10-01,si-13,SHIORI,老眼鏡,si-13-1-25,25,0,17,14,0,0,46
2026-10-01,si-13,SHIORI,老眼鏡,si-13-1-30,30,0,20,14,0,0,26
2026-10-01,si-13,SHIORI,老眼鏡,si-13-2-15,15,0,14,14,0,0,15
2026-10-01,si-13,SHIORI,老眼鏡,si-13-2-20,20,0,18,14,0,0,31
2026-10-01,si-13,SHIORI,老眼鏡,si-13-2-25,25,0,17,15,0,0,43
2026-10-01,si-13,SHIORI,老眼鏡,si-13-2-30,30,0,20,15,0,0,2
2026-10-01,si-13,SHIORI,老眼鏡,si-13-3-15,15,0,20,15,0,0,13
2026-10-01,si-13,SHIORI,老眼鏡,si-13-3-20,20,0,19,14,0,17,31
2026-10-01,si-13,SHIORI,老眼鏡,si-13-3-25,25,0,18,15,0,0,45
2026-10-01,si-13,SHIORI,老眼鏡,si-13-3-30,30,0,17,13,0,0,18
2026-10-01,si-13ph,SHIORI,調光老眼鏡,si-13ph-1-10,10,0,10,10,0,0,0
2026-10-01,si-13ph,SHIORI,調光老眼鏡,si-13ph-1-15,15,0,13,15,0,0,34
2026-10-01,si-13ph,SHIORI,調光老眼鏡,si-13ph-1-20,20,0,12,15,0,0,5
2026-10-01,si-13ph,SHIORI,調光老眼鏡,si-13ph-2-10,10,0,14,15,0,0,3
2026-10-01,si-13ph,SHIORI,調光老眼鏡,si-13ph-2-15,15,0,14,14,0,0,21
2026-10-01,si-13ph,SHIORI,調光老眼鏡,si-13ph-2-20,20,0,8,14,0,0,0
2026-10-01,si-13ph,SHIORI,調光老眼鏡,si-13ph-3-10,10,0,3,12,0,0,0
2026-10-01,si-13ph,SHIORI,調光老眼鏡,si-13ph-3-15,15,0,14,15,0,0,19
2026-10-01,si-13ph,SHIORI,調光老眼鏡,si-13ph-3-20,20,0,11,11,0,0,0
2026-10-01,spc-006,SPC,老眼鏡,spc-006-1-10,10,0,8,0,41,0,0
2026-10-01,spc-006,SPC,老眼鏡,spc-006-1-15,15,0,13,0,10,0,0
2026-10-01,spc-006,SPC,老眼鏡,spc-006-1-20,20,0,14,0,13,0,0
2026-10-01,spc-006,SPC,老眼鏡,spc-006-1-25,25,0,18,0,8,0,0
2026-10-01,spc-006,SPC,老眼鏡,spc-006-2-10,10,0,0,0,11,0,0
2026-10-01,spc-006,SPC,老眼鏡,spc-006-2-15,15,0,0,0,21,0,0
2026-10-01,spc-006,SPC,老眼鏡,spc-006-2-20,20,0,0,0,12,0,0
2026-10-01,spc-006,SPC,老眼鏡,spc-006-2-25,25,0,0,0,0,0,0
2026-10-01,spc-006,SPC,老眼鏡,spc-006-3-10,10,0,0,0,0,0,1
2026-10-01,spc-006,SPC,老眼鏡,spc-006-3-15,15,0,0,0,2,0,2
2026-10-01,spc-006,SPC,老眼鏡,spc-006-3-20,20,0,0,0,4,0,2
2026-10-01,spc-006,SPC,老眼鏡,spc-006-3-25,25,0,0,0,6,0,4
2026-10-01,spc-007,SPC,老眼鏡,spc-007-2-10,10,0,10,0,9,0,31
2026-10-01,spc-007,SPC,老眼鏡,spc-007-2-15,15,0,9,0,12,0,48
2026-10-01,spc-007,SPC,老眼鏡,spc-007-2-20,20,0,5,0,7,0,4
2026-10-01,spc-007,SPC,老眼鏡,spc-007-2-25,25,0,0,0,0,0,0
2026-10-01,spc-007,SPC,老眼鏡,spc-007-3-10,10,0,0,0,48,0,13
2026-10-01,spc-007,SPC,老眼鏡,spc-007-3-15,15,0,0,0,70,0,16
2026-10-01,spc-007,SPC,老眼鏡,spc-007-3-20,20,0,0,0,53,0,1
2026-10-01,spc-007,SPC,老眼鏡,spc-007-3-25,25,0,0,0,44,0,10
